id,location_srs,longitude,latitude,year2000,subcategory2000,year2001,subcategory2001,year2002,subcategory2002,year2003,subcategory2003,year2004,subcategory2004,year2005,subcategory2005,year2006,subcategory2006,year2007,subcategory2007,year2008,subcategory2008,year2009,subcategory2009,year2010,subcategory2010,year2011,subcategory2011,year2012,subcategory2012,year2013,subcategory2013,year2014,subcategory2014,year2015,subcategory2015,year2016,subcategory2016,year2017,subcategory2017
id_4,EPSG:4326,121.8122999,29.22013644,,,,,,,,,,,,,,,,,,,,,,,,,,,,,,,,,10,12,10,12
id_18,EPSG:4326,120.9733633,29.887426,10,12,,,,,,,,,,,,,,,,,10,12,10,12,,,,,10,12,10,12,10,12,10,12,10,12
id_710,EPSG:4326,120.3788582,30.26782892,,,,,,,60,62,,,,,60,62,,,,,,,60,62,60,62,60,62,60,62,60,62,60,62,60,62,60,62
id_711,EPSG:4326,121.3237062,30.50590767,60,62,60,62,60,62,60,62,60,62,60,62,60,62,60,62,60,62,60,62,60,62,60,62,60,62,60,62,60,62,60,62,60,62,60,62
id_712,EPSG:4326,121.3716763,30.4713654,60,62,60,62,60,62,60,62,60,62,60,62,60,62,60,62,60,62,60,62,60,62,60,62,60,62,60,62,60,62,60,62,60,62,60,62
id_713,EPSG:4326,120.6338001,30.37677767,60,62,60,62,60,62,60,62,60,62,60,62,60,62,60,62,60,62,60,62,60,62,60,62,60,62,60,62,60,62,60,62,60,62,60,62
id_714,EPSG:4326,119.0860927,29.55127445,60,62,60,62,60,62,60,62,60,62,60,62,60,62,60,62,60,62,60,62,60,62,60,62,60,62,60,62,60,62,60,62,60,62,60,62
id_715,EPSG:4326,121.2921754,30.50590767,60,62,60,62,60,62,60,62,60,62,60,62,60,62,60,62,60,62,60,62,60,62,60,62,60,62,60,62,60,62,60,62,60,62,60,62
id_716,EPSG:4326,121.9909748,29.59933202,,,,,,,,,,,,,,,,,,,,,,,60,62,,,60,62,60,62,60,62,60,62,60,62
id_717,EPSG:4326,121.7222887,30.0964438,60,62,60,62,60,62,60,62,60,62,60,62,60,62,60,62,60,62,60,62,60,62,60,62,60,62,60,62,60,62,60,62,60,62,60,62
id_718,EPSG:4326,120.9652784,30.4113538,60,62,60,62,60,62,60,62,60,62,60,62,60,62,60,62,60,62,60,62,60,62,60,62,,,60,62,60,62,,,60,62,60,62
id_719,EPSG:4326,121.6974952,30.11987482,60,62,60,62,60,62,60,62,60,62,60,62,60,62,60,62,60,62,60,62,60,62,60,62,60,62,60,62,60,62,60,62,60,62,60,62
id_720,EPSG:4326,121.5910449,30.12737156,,,,,,,,,,,,,,,60,62,,,,,60,62,,,,,,,50,52,50,52,50,52,50,52
id_721,EPSG:4326,121.6627304,29.16385551,,,,,,,,,,,,,,,,,,,,,,,,,,,,,,,,,,,60,62
id_722,EPSG:4326,121.7764572,29.19010806,60,62,60,62,60,62,60,62,60,62,60,62,60,62,60,62,,,60,62,,,,,60,62,60,62,60,62,60,62,60,62,60,62
id_724,EPSG:4326,121.5050761,30.32909843,60,62,60,62,60,62,60,62,60,62,60,62,60,62,60,62,60,62,60,62,60,62,60,62,60,62,60,62,60,62,60,62,60,62,60,62
id_726,EPSG:4326,120.8345736,30.04042094,,,,,,,60,62,,,,,,,60,62,,,,,60,62,,,60,62,60,62,60,62,60,62,60,62,60,62
id_727,EPSG:4326,121.2797786,30.48933826,60,62,60,62,60,62,60,62,60,62,60,62,60,62,60,62,60,62,60,62,60,62,60,62,60,62,60,62,60,62,60,62,60,62,60,62
id_728,EPSG:4326,121.9408488,29.29221552,,,,,,,,,,,,,,,,,,,60,62,60,62,,,60,62,,,,,,,,,,
id_729,EPSG:4326,119.1289423,29.57954641,,,,,,,,,,,,,,,,,,,,,60,62,,,,,60,62,60,62,,,,,60,62
id_730,EPSG:4326,121.4616875,30.4199959,60,62,60,62,60,62,60,62,60,62,60,62,60,62,60,62,60,62,60,62,60,62,60,62,60,62,60,62,60,62,60,62,,,60,62
id_731,EPSG:4326,118.9861102,29.61934919,,,,,,,,,,,,,,,,,,,60,62,60,62,60,62,60,62,60,62,60,62,60,62,,,60,62
id_732,EPSG:4326,122.0645469,29.89963677,,,,,,,,,,,,,,,,,,,,,60,62,60,62,60,62,60,62,60,62,60,62,60,62,60,62
id_733,EPSG:4326,119.047016,29.54467651,60,62,60,62,60,62,60,62,60,62,60,62,60,62,,,,,,,60,62,60,62,60,62,60,62,60,62,60,62,60,62,60,62
id_734,EPSG:4326,121.7807691,30.17070083,60,62,60,62,60,62,60,62,60,62,60,62,60,62,60,62,60,62,60,62,60,62,60,62,60,62,60,62,60,62,60,62,60,62,60,62
id_735,EPSG:4326,121.9249487,29.6487789,60,62,60,62,60,62,60,62,60,62,60,62,60,62,60,62,60,62,60,62,60,62,60,62,60,62,60,62,60,62,60,62,60,62,60,62
id_736,EPSG:4326,122.1219492,29.909733,60,62,,,,,,,60,62,,,,,60,62,,,,,60,62,60,62,60,62,,,60,62,60,62,60,62,60,62
id_737,EPSG:4326,122.0437958,29.12813169,60,62,60,62,60,62,60,62,60,62,60,62,60,62,60,62,60,62,60,62,60,62,60,62,60,62,60,62,60,62,60,62,60,62,60,62
id_738,EPSG:4326,121.3142739,30.44194803,60,62,60,62,60,62,60,62,60,62,60,62,60,62,60,62,60,62,60,62,60,62,60,62,60,62,60,62,60,62,60,62,60,62,60,62
id_739,EPSG:4326,121.6214978,30.22641505,60,62,60,62,60,62,60,62,60,62,60,62,60,62,60,62,60,62,60,62,60,62,60,62,60,62,60,62,60,62,60,62,60,62,60,62
id_740,EPSG:4326,122.056462,29.90034119,60,62,,,60,62,,,60,62,,,,,60,62,60,62,60,62,60,62,60,62,60,62,60,62,60,62,60,62,60,62,60,62
id_741,EPSG:4326,122.0540366,29.24117465,60,62,60,62,60,62,60,62,60,62,60,62,60,62,60,62,60,62,,,60,62,60,62,60,62,60,62,60,62,60,62,60,62,60,62
id_742,EPSG:4326,121.4244972,30.43611019,60,62,60,62,60,62,60,62,60,62,60,62,60,62,60,62,60,62,60,62,60,62,60,62,60,62,60,62,60,62,60,62,60,62,60,62
id_743,EPSG:4326,121.6756662,30.10558257,60,62,60,62,60,62,60,62,60,62,60,62,60,62,60,62,60,62,60,62,60,62,60,62,60,62,60,62,60,62,60,62,60,62,60,62
id_744,EPSG:4326,121.6223062,29.14280126,60,62,60,62,,,60,62,60,62,,,,,60,62,60,62,,,,,60,62,60,62,60,62,60,62,60,62,60,62,60,62
id_745,EPSG:4326,121.6066756,29.14540371,,,,,,,,,,,,,,,,,,,60,62,,,,,60,62,60,62,,,60,62,60,62,60,62
id_746,EPSG:4326,121.4226108,30.39780517,60,62,60,62,60,62,60,62,60,62,60,62,60,62,60,62,60,62,60,62,60,62,60,62,60,62,60,62,60,62,60,62,60,62,60,62
id_747,EPSG:4326,120.8989828,30.20113691,,,,,,,,,,,,,,,60,62,,,,,60,62,,,,,60,62,,,60,62,60,62,60,62
id_748,EPSG:4326,121.4630349,30.45619089,60,62,60,62,60,62,60,62,60,62,60,62,60,62,60,62,60,62,60,62,60,62,60,62,60,62,60,62,60,62,60,62,60,62,60,62
id_749,EPSG:4326,121.6233842,29.51686613,,,,,,,60,62,60,62,60,62,,,,,60,62,60,62,,,60,62,60,62,,,,,60,62,60,62,60,62
id_751,EPSG:4326,121.5072321,30.39219828,60,62,60,62,60,62,60,62,60,62,60,62,60,62,60,62,60,62,60,62,60,62,60,62,60,62,60,62,60,62,60,62,60,62,60,62
id_752,EPSG:4326,121.4226108,30.40037488,60,62,60,62,60,62,60,62,60,62,60,62,60,62,60,62,60,62,60,62,60,62,60,62,60,62,60,62,60,62,60,62,60,62,60,62
id_753,EPSG:4326,121.5905059,30.26478783,60,62,60,62,60,62,60,62,60,62,60,62,60,62,60,62,60,62,60,62,60,62,60,62,60,62,60,62,60,62,60,62,60,62,60,62
id_754,EPSG:4326,121.6753967,30.24068962,60,62,60,62,60,62,60,62,60,62,60,62,60,62,60,62,60,62,60,62,60,62,60,62,60,62,60,62,60,62,60,62,60,62,60,62
id_755,EPSG:4326,118.8556748,29.66101911,,,,,,,,,,,,,,,,,,,,,60,62,,,,,,,60,62,60,62,60,62,60,62
id_308,EPSG:4326,121.6010162,29.71349368,20,,20,,20,,20,,20,,20,,20,,20,,20,,20,,20,,20,,20,,,,20,,20,,20,,20,
id_394,EPSG:4326,121.1673994,29.8738045,,,,,,,,,,,,,,,,,30,,,,,,,,30,,,,30,,,,30,,,
id_546,EPSG:4326,118.6309164,29.54420522,,,,,,,,,,,,,,,,,,,,,,,,,,,,,,,,,,,40,42
id_637,EPSG:4326,121.4956438,29.14989869,,,,,,,,,,,,,50,52,,,,,,,50,52,,,50,52,,,,,50,52,50,52,50,52
id_842,EPSG:4326,121.5880804,30.0952721,,,,,,,,,,,,,,,,,,,,,,,,,,,80,,70,73,70,73,70,73,70,73
id_1100,EPSG:4326,121.6907579,29.52865113,,,,,,,20,,20,,20,,,,,,20,,80,,80,,80,,80,,,,,,80,,80,,80,
id_756,EPSG:4326,121.0350775,30.47229914,60,62,60,62,60,62,60,62,60,62,60,62,60,62,60,62,60,62,60,62,60,62,60,62,60,62,60,62,60,62,60,62,60,62,60,62
id_757,EPSG:4326,121.1466483,30.46693002,60,62,60,62,60,62,60,62,60,62,60,62,60,62,60,62,60,62,60,62,60,62,60,62,60,62,60,62,60,62,60,62,60,62,60,62
id_759,EPSG:4326,121.0194469,30.41719314,60,62,60,62,60,62,60,62,60,62,60,62,60,62,60,62,60,62,60,62,60,62,60,62,60,62,60,62,60,62,60,62,60,62,60,62
id_701,EPSG:4326,120.9464138,30.47043165,,,,,,,,,60,62,,,,,60,62,,,,,60,62,,,60,62,60,62,60,62,,,60,62,60,62
id_702,EPSG:4326,121.0622965,30.52597384,60,62,60,62,60,62,60,62,60,62,60,62,60,62,60,62,60,62,60,62,60,62,60,62,60,62,60,62,60,62,60,62,60,62,60,62
id_705,EPSG:4326,121.4649214,29.45792032,,,,,,,,,,,,,,,60,62,60,62,,,60,62,,,60,62,,,,,60,62,60,62,60,62
id_706,EPSG:4326,121.0959833,30.68751701,,,,,,,,,,,,,10,12,,,,,10,12,10,12,10,12,,,10,12,60,61,60,61,,,60,61
id_761,EPSG:4326,121.5643649,29.47820158,60,62,60,62,60,62,60,62,60,62,60,62,60,62,60,62,60,62,60,62,60,62,60,62,60,62,60,62,60,62,60,62,60,62,60,62
id_762,EPSG:4326,122.2300165,29.47678675,60,62,60,62,60,62,60,62,60,62,60,62,60,62,60,62,60,62,60,62,60,62,60,62,60,62,60,62,60,62,60,62,60,62,60,62
id_763,EPSG:4326,121.806371,30.09714681,60,62,60,62,60,62,60,62,60,62,60,62,60,62,60,62,60,62,60,62,60,62,60,62,60,62,60,62,60,62,60,62,60,62,60,62
id_764,EPSG:4326,121.1754842,30.4211637,60,62,60,62,60,62,60,62,60,62,60,62,60,62,60,62,60,62,60,62,60,62,60,62,60,62,60,62,60,62,60,62,60,62,60,62
id_766,EPSG:4326,121.7904709,29.34441123,,,,,,,,,,,,,,,,,,,60,62,,,,,60,62,60,62,,,60,62,60,62,60,62
id_767,EPSG:4326,120.1314622,29.84279685,,,,,,,,,,,,,,,,,,,60,62,60,62,,,,,60,62,60,62,,,60,62,60,62
id_799,EPSG:4326,122.0464907,29.29032557,60,62,60,62,60,62,60,62,60,62,60,62,60,62,60,62,60,62,60,62,60,62,60,62,60,62,60,62,60,62,60,62,60,62,60,62
id_798,EPSG:4326,121.9836985,29.95245444,60,62,60,62,60,62,60,62,60,62,60,62,60,62,60,62,60,62,60,62,60,62,60,62,60,62,60,62,60,62,60,62,60,62,60,62
id_797,EPSG:4326,120.8248718,30.28724291,60,62,60,62,60,62,60,62,60,62,60,62,60,62,60,62,60,62,60,62,60,62,60,62,60,62,60,62,60,62,60,62,60,62,60,62
id_796,EPSG:4326,120.9191949,30.273443,60,62,60,62,60,62,60,62,60,62,60,62,60,62,60,62,60,62,60,62,60,62,60,62,60,62,60,62,60,62,60,62,60,62,60,62
id_795,EPSG:4326,121.2773532,30.44941996,60,62,60,62,60,62,60,62,60,62,60,62,60,62,60,62,60,62,60,62,60,62,60,62,60,62,60,62,60,62,60,62,60,62,60,62
id_794,EPSG:4326,120.8803877,30.34242293,60,62,60,62,60,62,60,62,60,62,60,62,60,62,60,62,60,62,60,62,60,62,60,62,60,62,60,62,60,62,60,62,60,62,60,62
id_793,EPSG:4326,121.2498647,30.64977805,60,62,60,62,60,62,60,62,60,62,60,62,60,62,60,62,60,62,60,62,60,62,60,62,60,62,60,62,60,62,60,62,60,62,60,62
id_792,EPSG:4326,121.3026857,30.43937942,60,62,60,62,60,62,60,62,60,62,60,62,60,62,60,62,60,62,60,62,60,62,60,62,60,62,60,62,60,62,60,62,60,62,60,62
id_790,EPSG:4326,121.683212,30.18381292,60,62,60,62,60,62,60,62,60,62,60,62,60,62,60,62,60,62,60,62,60,62,60,62,60,62,60,62,60,62,60,62,60,62,60,62
id_789,EPSG:4326,121.5764922,29.51403752,60,62,60,62,60,62,60,62,60,62,60,62,60,62,60,62,60,62,60,62,60,62,60,62,60,62,60,62,60,62,60,62,60,62,60,62
id_788,EPSG:4326,120.9636615,30.50824116,60,62,60,62,60,62,60,62,60,62,60,62,60,62,60,62,60,62,60,62,60,62,60,62,60,62,60,62,60,62,60,62,60,62,60,62
id_787,EPSG:4326,118.7624297,29.46782563,,,,,,,,,,,,,,,,,,,,,,,,,,,,,60,62,60,62,,,60,62
id_786,EPSG:4326,121.336642,29.97521599,,,,,,,,,,,,,60,62,,,60,62,60,62,60,62,,,60,62,60,62,,,60,62,60,62,60,62
id_784,EPSG:4326,122.0211582,29.05712,60,62,60,62,60,62,60,62,60,62,60,62,60,62,60,62,60,62,60,62,60,62,60,62,60,62,60,62,60,62,60,62,60,62,60,62
id_782,EPSG:4326,121.6236537,29.15368378,60,62,60,62,60,62,60,62,60,62,60,62,60,62,60,62,60,62,60,62,60,62,,,60,62,60,62,,,60,62,60,62,60,62
id_781,EPSG:4326,121.2646869,30.5304065,60,62,60,62,60,62,60,62,60,62,60,62,60,62,60,62,60,62,60,62,60,62,60,62,60,62,60,62,60,62,60,62,60,62,60,62
id_780,EPSG:4326,121.4320431,30.38775927,60,62,60,62,60,62,60,62,60,62,60,62,60,62,60,62,60,62,60,62,60,62,60,62,60,62,60,62,60,62,60,62,60,62,60,62
id_778,EPSG:4326,120.5542992,30.83204498,,,,,,,,,,,,,,,,,,,60,62,60,62,,,,,60,62,60,62,60,62,60,62,60,62
id_777,EPSG:4326,121.8322425,29.63536003,60,62,60,62,60,62,60,62,60,62,60,62,60,62,60,62,60,62,60,62,60,62,60,62,60,62,60,62,60,62,60,62,60,62,60,62
id_776,EPSG:4326,122.0923048,29.47843739,60,62,60,62,60,62,60,62,60,62,60,62,60,62,60,62,60,62,60,62,60,62,60,62,60,62,60,62,60,62,60,62,60,62,60,62
id_775,EPSG:4326,121.658149,29.14705978,60,62,60,62,60,62,60,62,60,62,60,62,60,62,60,62,60,62,60,62,60,62,60,62,60,62,60,62,60,62,60,62,60,62,60,62
id_774,EPSG:4326,120.7787882,29.84115224,,,60,61,60,61,60,61,60,61,60,61,60,61,60,61,60,61,60,61,60,61,60,61,60,61,60,61,60,61,60,61,60,61,60,61
id_773,EPSG:4326,122.0260091,29.65584074,60,62,60,62,60,62,60,62,60,62,60,62,60,62,60,62,60,62,60,62,60,62,60,62,60,62,60,62,60,62,60,62,60,62,60,62
id_772,EPSG:4326,120.6782667,30.39196466,60,62,60,62,60,62,60,62,60,62,60,62,60,62,60,62,60,62,60,62,60,62,60,62,60,62,60,62,60,62,60,62,60,62,60,62
id_771,EPSG:4326,121.0569066,29.93790307,60,61,60,61,60,61,60,61,60,61,60,61,60,61,60,61,60,61,60,61,60,61,60,61,60,61,60,61,60,61,60,61,60,61,60,61
id_770,EPSG:4326,119.0238395,29.61558156,60,61,60,61,60,61,60,61,60,61,60,61,60,61,60,61,60,61,60,61,60,61,60,61,60,61,60,61,60,61,60,61,60,61,60,61
id_201,EPSG:4326,121.2967568,29.19791156,,,,,,,,,,,,,,,,,,,,,,,,,20,,,,,,20,,20,,20,
id_202,EPSG:4326,119.4755124,29.85971132,20,,20,,20,,20,,20,,20,,20,,20,,20,,20,,20,,20,,20,,20,,20,,20,,20,,20,
id_203,EPSG:4326,118.9570048,30.09761549,20,,20,,20,,20,,20,,20,,20,,20,,20,,20,,20,,,,,,20,,20,,20,,,,20,
id_204,EPSG:4326,120.5295057,29.5215803,20,,20,,20,,20,,20,,20,,20,,20,,20,,20,,,,,,,,20,,20,,20,,20,,,
id_205,EPSG:4326,119.5067738,29.42135652,20,,20,,20,,20,,20,,20,,20,,20,,20,,,,,,,,,,20,,,,,,20,,20,
id_207,EPSG:4326,118.9357147,30.28162963,20,,20,,20,,20,,20,,20,,20,,20,,20,,20,,20,,20,,20,,20,,20,,20,,20,,20,
id_208,EPSG:4326,119.6973064,30.03010361,20,,20,,20,,20,,20,,20,,20,,20,,20,,20,,20,,20,,20,,20,,20,,20,,20,,20,
id_209,EPSG:4326,119.4135286,29.48055961,20,,20,,20,,20,,20,,20,,20,,20,,20,,20,,20,,20,,,,20,,20,,20,,20,,20,
id_211,EPSG:4326,119.3598992,29.90785471,20,,20,,20,,20,,20,,20,,20,,20,,20,,20,,20,,20,,20,,20,,20,,20,,20,,20,
id_213,EPSG:4326,119.5059653,30.23951965,20,,20,,20,,20,,20,,20,,20,,20,,20,,20,,20,,,,20,,20,,20,,,,20,,20,
id_214,EPSG:4326,121.263609,29.71184692,20,,20,,20,,20,,20,,20,,20,,20,,20,,20,,20,,20,,20,,20,,20,,20,,20,,,
id_215,EPSG:4326,121.7446568,29.25937273,,,,,,,,,,,,,,,,,,,20,,,,,,20,,20,,20,,20,,,,20,
id_216,EPSG:4326,121.7532806,29.37108911,20,,20,,20,,20,,20,,20,,20,,20,,20,,20,,,,,,20,,20,,,,20,,20,,20,
id_218,EPSG:4326,121.5684073,29.57153684,,,,,,,20,,20,,20,,20,,20,,20,,20,,20,,,,20,,,,20,,20,,20,,20,
id_219,EPSG:4326,118.8651071,29.94071963,20,,20,,20,,20,,20,,20,,20,,20,,20,,20,,,,,,,,20,,20,,20,,20,,20,
id_221,EPSG:4326,121.6751272,29.60945886,,,,,,,,,20,,20,,,,20,,20,,20,,20,,,,20,,,,,,20,,20,,20,
id_222,EPSG:4326,121.6481777,29.3819471,20,,20,,20,,20,,20,,20,,,,20,,20,,20,,,,,,20,,20,,,,20,,20,,20,
id_223,EPSG:4326,121.0798136,29.86112073,20,,20,,20,,20,,20,,20,,20,,20,,20,,20,,,,,,20,,20,,20,,20,,20,,20,
id_224,EPSG:4326,119.8716694,29.67443452,20,,20,,20,,20,,20,,,,20,,20,,20,,,,,,20,,,,20,,20,,20,,20,,20,
id_225,EPSG:4326,119.024109,29.49895027,,,,,,,,,,,,,,,,,20,,20,,20,,,,20,,20,,20,,,,20,,20,
id_226,EPSG:4326,118.6050449,29.616288,,,,,,,,,,,,,,,,,,,,,20,,,,,,20,,20,,,,,,20,
id_227,EPSG:4326,118.9966205,29.4159298,20,,20,,20,,20,,20,,20,,20,,20,,20,,,,20,,,,,,20,,20,,,,20,,20,
id_228,EPSG:4326,121.6646169,29.63959777,20,,20,,20,,20,,20,,20,,20,,20,,20,,20,,20,,20,,20,,20,,20,,20,,20,,20,
id_229,EPSG:4326,121.0903239,29.73819185,20,,20,,20,,20,,20,,20,,20,,20,,20,,20,,20,,,,20,,20,,20,,20,,20,,20,
id_230,EPSG:4326,120.4120061,29.5338361,,,,,,,,,,,,,,,,,,,20,,,,,,,,20,,20,,,,20,,,
id_231,EPSG:4326,120.4799187,29.59438599,20,,20,,20,,20,,20,,20,,20,,20,,20,,20,,,,,,,,20,,20,,20,,20,,20,
id_232,EPSG:4326,119.941738,29.71443468,20,,20,,20,,20,,20,,20,,20,,20,,,,20,,,,20,,20,,20,,20,,,,20,,20,
id_233,EPSG:4326,119.2375487,30.18334466,20,,20,,20,,20,,20,,20,,20,,20,,20,,20,,,,20,,20,,20,,20,,20,,,,20,
id_234,EPSG:4326,120.3233423,29.51474468,20,,20,,20,,20,,20,,20,,20,,20,,20,,20,,20,,20,,20,,20,,20,,20,,20,,20,
id_236,EPSG:4326,119.4234999,29.97028868,,,,,,,,,,,,,,,,,,,20,,20,,20,,20,,20,,20,,,,20,,20,
id_238,EPSG:4326,119.0362362,29.78075238,20,,20,,20,,20,,20,,20,,20,,20,,20,,20,,20,,20,,20,,20,,20,,20,,20,,20,
id_239,EPSG:4326,119.5846577,29.97193115,20,,20,,20,,20,,20,,20,,20,,20,,20,,20,,20,,20,,20,,20,,20,,20,,20,,20,
id_240,EPSG:4326,119.0782774,29.61299123,20,,20,,20,,20,,20,,20,,20,,20,,20,,20,,20,,20,,,,20,,20,,20,,20,,20,
id_241,EPSG:4326,121.7813081,29.94611782,,,,,,,,,,,,,,,,,20,,20,,20,,20,,20,,20,,20,,20,,20,,20,
id_242,EPSG:4326,120.8798487,29.94611782,,,,,,,,,,,,,,,20,,,,20,,20,,20,,20,,20,,20,,20,,20,,20,
id_243,EPSG:4326,119.3035748,30.01321838,20,,20,,20,,20,,20,,20,,20,,20,,20,,20,,20,,20,,,,20,,20,,,,20,,20,
id_244,EPSG:4326,120.5179174,29.42135652,,,,,,,,,,,,,,,,,,,20,,,,20,,20,,20,,20,,20,,20,,,
id_245,EPSG:4326,121.0617575,29.47183465,,,,,,,,,,,,,,,,,,,20,,20,,,,,,20,,,,20,,,,20,
id_246,EPSG:4326,120.8706858,29.66172523,20,,20,,20,,20,,20,,20,,20,,20,,20,,20,,20,,20,,20,,20,,20,,20,,,,20,
id_248,EPSG:4326,121.1838386,29.33898035,20,,20,,20,,20,,20,,20,,20,,20,,20,,20,,20,,20,,20,,20,,,,20,,20,,20,
id_249,EPSG:4326,121.4053631,30.05659819,20,,20,,20,,20,,20,,20,,20,,20,,20,,20,,,,,,,,20,,20,,20,,20,,20,
id_250,EPSG:4326,118.845973,29.85618771,20,,20,,20,,20,,20,,20,,20,,20,,20,,20,,20,,20,,20,,20,,20,,20,,20,,20,
id_251,EPSG:4326,119.2577608,29.75065622,20,,20,,20,,20,,20,,20,,20,,20,,20,,20,,20,,20,,20,,20,,20,,20,,20,,20,
id_252,EPSG:4326,118.6408877,29.60215822,20,,20,,20,,20,,20,,20,,20,,20,,20,,20,,20,,20,,20,,20,,20,,20,,,,20,
id_254,EPSG:4326,119.8854136,29.71772809,20,,20,,20,,20,,20,,20,,20,,20,,20,,20,,20,,20,,,,20,,20,,20,,20,,20,
id_255,EPSG:4326,119.5948985,29.59603469,,,,,,,,,,,,,,,,,20,,,,,,,,,,20,,,,,,20,,20,
id_256,EPSG:4326,118.9381402,29.83856778,,,20,,20,,20,,20,,20,,20,,20,,20,,20,,20,,20,,,,20,,20,,20,,20,,20,
id_257,EPSG:4326,118.9055313,29.77675576,20,,20,,20,,20,,20,,20,,20,,20,,20,,20,,20,,20,,20,,20,,20,,20,,20,,20,
id_258,EPSG:4326,121.5304086,30.06128675,20,,20,,20,,20,,20,,20,,20,,20,,20,,20,,20,,,,20,,20,,20,,20,,20,,20,
id_261,EPSG:4326,118.8537884,29.9186544,20,,20,,20,,20,,20,,20,,20,,20,,20,,20,,20,,20,,20,,20,,20,,20,,20,,20,
id_265,EPSG:4326,120.0578902,29.88601696,20,,,,,,,,,,20,,,,20,,,,20,,20,,,,20,,20,,20,,,,20,,20,
id_266,EPSG:4326,119.4027488,29.75112654,20,,20,,20,,20,,20,,20,,20,,20,,20,,,,20,,,,,,20,,20,,,,20,,20,
id_267,EPSG:4326,119.6528398,29.84021244,,,,,,,,,20,,,,,,,,,,,,20,,20,,20,,20,,,,,,20,,20,
id_268,EPSG:4326,120.0966974,29.81671471,,,,,,,,,,,,,,,20,,,,20,,20,,,,,,20,,20,,,,20,,20,
id_269,EPSG:4326,119.7603682,30.06808477,20,,20,,20,,20,,20,,20,,20,,20,,20,,20,,20,,20,,20,,20,,20,,20,,20,,,
id_270,EPSG:4326,119.4321238,30.22618102,20,,20,,20,,20,,20,,20,,20,,20,,20,,20,,20,,20,,20,,20,,20,,,,,,20,
id_271,EPSG:4326,120.2597416,29.79062569,,,,,,,,,,,20,,,,20,,,,20,,20,,20,,,,20,,20,,20,,20,,20,
id_273,EPSG:4326,118.9847627,30.32418894,,,,,,,,,,,,,,,,,,,,,20,,,,,,20,,,,20,,,,20,
id_274,EPSG:4326,119.8183095,30.15430823,20,,20,,20,,20,,,,20,,20,,20,,20,,20,,20,,20,,20,,20,,20,,,,20,,20,
id_275,EPSG:4326,121.3212808,30.06175559,,,,,,,,,,,,,20,,20,,20,,20,,,,,,20,,,,20,,20,,20,,20,
id_276,EPSG:4326,119.5372266,29.87873664,,,,,,,,,20,,,,,,,,,,,,20,,20,,20,,20,,,,,,20,,20,
id_277,EPSG:4326,119.0238395,29.81459964,20,,20,,20,,20,,20,,20,,20,,20,,20,,20,,20,,,,,,20,,20,,20,,20,,20,
id_278,EPSG:4326,121.7198633,29.33024311,20,,20,,20,,20,,20,,20,,20,,20,,20,,20,,20,,20,,20,,20,,,,20,,20,,20,
id_279,EPSG:4326,119.3426516,30.12456035,20,,20,,20,,20,,20,,20,,20,,20,,20,,20,,20,,20,,20,,,,20,,,,,,20,
id_280,EPSG:4326,120.0543868,29.77158342,20,,,,,,,,,,,,,,,,20,,20,,20,,,,,,20,,,,,,20,,20,
id_281,EPSG:4326,120.987377,29.61252026,20,,20,,20,,20,,20,,,,,,,,,,20,,20,,,,20,,20,,20,,20,,,,20,
id_282,EPSG:4326,121.7028851,29.35645256,20,,20,,20,,20,,20,,20,,20,,20,,20,,20,,,,,,20,,20,,20,,20,,20,,20,
id_283,EPSG:4326,121.8637734,29.37769846,20,,20,,20,,20,,20,,20,,20,,20,,20,,20,,,,,,20,,20,,,,20,,20,,20,
id_284,EPSG:4326,120.3818227,29.98952726,20,,20,,20,,20,,,,,,20,,,,,,20,,20,,20,,20,,20,,20,,20,,20,,20,
id_285,EPSG:4326,119.9530568,30.26595749,,,,,,,,,,,,,20,,20,,20,,20,,,,20,,20,,20,,20,,,,20,,20,
id_286,EPSG:4326,121.8748227,29.57836857,,,,,,,20,,20,,,,,,,,,,,,,,,,20,,20,,20,,20,,20,,20,
id_287,EPSG:4326,121.0846646,29.67396384,,,,,,,,,,,20,,,,,,20,,20,,20,,,,20,,20,,20,,20,,,,20,
id_288,EPSG:4326,122.0615824,29.87920635,20,,20,,20,,20,,20,,,,,,,,,,,,,,20,,20,,20,,20,,20,,20,,20,
id_291,EPSG:4326,120.9421019,29.58614205,,,,,,,,,,,,,,,,,,,20,,20,,,,20,,20,,,,20,,20,,20,
id_292,EPSG:4326,119.1028014,29.55881442,,,,,,,,,,,,,,,,,,,,,,,20,,,,20,,20,,20,,20,,20,
id_293,EPSG:4326,118.9931171,29.32292214,20,,20,,20,,20,,20,,20,,20,,20,,20,,,,20,,,,,,20,,20,,20,,20,,20,
id_294,EPSG:4326,119.9293413,30.45408962,,,,,,,,,,,20,,20,,20,,,,20,,20,,,,,,20,,20,,20,,20,,20,
id_295,EPSG:4326,118.9041839,30.1046453,20,,20,,20,,20,,20,,20,,20,,20,,20,,20,,20,,20,,20,,20,,20,,20,,20,,20,
id_296,EPSG:4326,119.1720615,30.08988211,20,,20,,20,,20,,20,,20,,20,,20,,20,,20,,20,,,,,,20,,20,,,,,,20,
id_297,EPSG:4326,121.932764,29.4970642,,,,,,,,,,,20,,,,,,,,,,20,,,,20,,20,,20,,20,,20,,20,
id_298,EPSG:4326,119.9040088,30.20909555,20,,,,,,,,,,,,20,,20,,20,,20,,20,,20,,20,,20,,20,,,,20,,20,
id_299,EPSG:4326,121.2770837,29.25204662,20,,20,,20,,20,,20,,20,,20,,20,,20,,20,,20,,,,,,20,,20,,20,,20,,20,
id_370,EPSG:4326,120.0096507,29.77416962,20,,20,,20,,20,,20,,20,,20,,20,,20,,20,,20,,20,,20,,20,,20,,20,,20,,20,
id_368,EPSG:4326,121.0137875,29.83762796,20,,20,,20,,20,,20,,20,,20,,20,,20,,20,,20,,,,20,,20,,20,,20,,20,,20,
id_367,EPSG:4326,119.6741299,30.37210428,20,,20,,20,,20,,20,,20,,20,,,,,,,,,,20,,20,,20,,20,,,,20,,20,
id_366,EPSG:4326,119.6797893,29.88038063,,,,,,,,,,,,,,,,,,,,,,,20,,20,,20,,,,,,20,,20,
id_365,EPSG:4326,120.7313571,29.81248452,20,,20,,20,,20,,20,,20,,20,,20,,20,,20,,20,,20,,20,,20,,,,20,,20,,20,
id_364,EPSG:4326,118.9650896,29.64030404,20,,20,,20,,20,,20,,20,,20,,20,,20,,20,,20,,,,,,20,,20,,20,,20,,20,
id_363,EPSG:4326,121.0089366,29.63206389,20,,20,,20,,20,,20,,,,,,,,,,20,,20,,,,20,,20,,20,,20,,,,20,
id_361,EPSG:4326,119.7463544,30.49984033,,,,,,,,,,,,,,,,,,,,,,,20,,,,20,,20,,20,,20,,20,
id_360,EPSG:4326,119.8856831,30.2268831,20,,,,,,,,,,20,,20,,20,,20,,20,,,,20,,20,,20,,20,,,,20,,20,
id_359,EPSG:4326,118.8227965,29.57742629,,,,,,,,,,,,,,,,,,,,,20,,,,,,,,20,,20,,20,,20,
id_310,EPSG:4326,118.4180156,29.39917587,20,,,,,,,,,,20,,,,,,,,,,20,,,,,,20,,20,,,,20,,20,
id_311,EPSG:4326,121.5530461,29.4109747,,,,,,,,,,,,,20,,,,,,,,,,,,20,,,,,,20,,20,,20,
id_312,EPSG:4326,121.2754667,29.6002741,,,,,,,,,,,,,20,,,,20,,20,,20,,,,20,,20,,20,,20,,20,,20,
id_314,EPSG:4326,119.395742,30.06058348,,,,,,,,,,,,,,,,,,,,,20,,,,,,20,,20,,,,,,20,
id_315,EPSG:4326,119.4563783,29.77511004,20,,20,,20,,20,,20,,20,,20,,20,,20,,,,,,20,,,,20,,,,,,20,,20,
id_316,EPSG:4326,118.869958,29.3661318,20,,20,,20,,20,,20,,20,,20,,20,,20,,20,,,,,,,,20,,20,,20,,20,,20,
id_318,EPSG:4326,120.9973483,29.69302483,20,,20,,20,,20,,20,,20,,20,,20,,,,20,,,,,,20,,20,,20,,20,,20,,20,
id_319,EPSG:4326,119.5073127,29.93532115,20,,20,,20,,20,,,,,,20,,20,,,,20,,20,,,,,,20,,,,20,,20,,20,
id_320,EPSG:4326,121.3223588,29.75582965,20,,20,,20,,20,,20,,20,,20,,20,,,,,,20,,,,20,,20,,,,20,,20,,20,
id_350,EPSG:4326,119.6571517,29.63041578,20,,20,,20,,20,,20,,20,,20,,20,,20,,20,,20,,20,,20,,20,,20,,,,20,,20,
id_351,EPSG:4326,121.1714418,29.99374986,20,,,,,,,,,,,,,,,,20,,20,,20,,,,20,,20,,20,,,,20,,20,
id_352,EPSG:4326,119.1308288,30.22898931,20,,20,,20,,20,,20,,20,,20,,20,,20,,20,,20,,,,,,,,20,,20,,20,,20,
id_353,EPSG:4326,118.7578483,29.63041578,20,,20,,20,,20,,20,,20,,20,,20,,20,,20,,20,,20,,20,,20,,20,,20,,20,,20,
id_354,EPSG:4326,119.3658281,29.7873347,20,,20,,20,,20,,20,,,,20,,20,,20,,,,20,,20,,20,,20,,,,20,,20,,20,
id_355,EPSG:4326,121.210249,29.29575907,20,,20,,20,,20,,20,,20,,20,,20,,20,,20,,20,,,,20,,20,,,,20,,20,,20,
id_356,EPSG:4326,119.9056257,30.41088664,,,,,,,,,,,,,,,,,,,20,,20,,20,,,,20,,20,,20,,20,,20,
id_340,EPSG:4326,121.6813256,29.55386638,,,,,,,20,,20,,20,,,,20,,20,,20,,,,,,20,,20,,20,,20,,20,,20,
id_341,EPSG:4326,121.1903064,29.61487511,20,,20,,20,,20,,20,,,,,,,,20,,,,,,,,20,,20,,20,,20,,20,,20,
id_342,EPSG:4326,121.2916364,29.63536003,20,,20,,20,,20,,20,,20,,20,,,,20,,,,20,,,,20,,20,,20,,20,,20,,20,
id_343,EPSG:4326,121.3226283,29.36424324,20,,20,,20,,20,,20,,20,,20,,20,,20,,20,,20,,20,,20,,20,,20,,20,,20,,20,
id_345,EPSG:4326,119.3628636,30.34195544,20,,20,,20,,20,,20,,20,,20,,20,,20,,20,,20,,,,,,,,20,,20,,20,,20,
id_346,EPSG:4326,118.4072358,29.44942927,,,,,,,,,,,,,,,,,,,,,20,,,,,,20,,20,,,,,,20,
id_347,EPSG:4326,118.9168501,30.219394,,,,,,,,,,,,,,,,,,,,,,,,,,,20,,20,,20,,20,,20,
id_348,EPSG:4326,120.1010093,29.62853219,20,,20,,20,,20,,20,,20,,20,,20,,20,,20,,20,,20,,20,,20,,20,,20,,20,,20,
id_349,EPSG:4326,119.3927775,29.74266039,20,,20,,20,,20,,20,,20,,20,,20,,20,,,,20,,20,,20,,20,,20,,20,,20,,20,
id_330,EPSG:4326,121.0172909,29.69631895,20,,20,,20,,20,,20,,20,,20,,20,,20,,20,,20,,20,,20,,20,,20,,20,,20,,20,
id_331,EPSG:4326,119.7859701,29.76876203,20,,20,,20,,20,,20,,20,,20,,20,,20,,20,,20,,20,,20,,20,,,,20,,20,,20,
id_333,EPSG:4326,120.5809792,29.89541014,,,,,,,,,,,,,,,,,,,20,,,,20,,20,,20,,20,,20,,20,,20,
id_336,EPSG:4326,118.9863797,30.12338899,,,,,,,,,,,,,,,,,,,,,20,,20,,20,,20,,20,,20,,20,,20,
id_338,EPSG:4326,119.4135286,29.69655424,20,,20,,20,,20,,20,,20,,20,,20,,20,,20,,20,,20,,20,,20,,20,,20,,20,,20,
id_339,EPSG:4326,119.04486,30.20043465,20,,20,,20,,20,,20,,20,,20,,20,,20,,20,,20,,20,,20,,20,,20,,20,,20,,20,
id_323,EPSG:4326,121.2773532,29.43669135,,,,,,,,,,,,,,,,,,,,,20,,,,,,20,,20,,20,,20,,20,
id_324,EPSG:4326,119.2650371,30.23624367,20,,20,,20,,20,,20,,20,,20,,20,,20,,20,,20,,,,,,20,,20,,,,,,20,
id_326,EPSG:4326,118.9920391,29.69561308,20,,20,,20,,20,,20,,20,,20,,20,,20,,20,,20,,,,,,20,,20,,20,,20,,20,
id_327,EPSG:4326,121.2487868,29.29079806,,,,,,,,,,,,,,,,,,,,,,,,,20,,20,,,,20,,20,,20,
id_328,EPSG:4326,120.4880035,29.80754908,20,,20,,20,,20,,20,,20,,20,,20,,20,,20,,,,20,,20,,20,,,,20,,20,,20,
id_329,EPSG:4326,119.3507364,29.75747568,20,,20,,20,,20,,20,,20,,20,,20,,20,,,,20,,,,,,20,,20,,20,,20,,20,
id_303,EPSG:4326,121.3069976,29.51757327,20,,20,,20,,20,,20,,20,,20,,20,,20,,20,,20,,20,,20,,20,,20,,20,,20,,20,
id_304,EPSG:4326,119.9840487,30.19668915,20,,20,,20,,20,,20,,20,,20,,20,,20,,20,,20,,20,,20,,20,,20,,20,,20,,20,
id_305,EPSG:4326,119.3798418,29.80872421,20,,20,,20,,20,,20,,20,,20,,20,,20,,20,,20,,20,,20,,20,,20,,20,,20,,20,
id_307,EPSG:4326,118.571358,29.61722992,20,,20,,20,,20,,20,,20,,20,,20,,20,,20,,20,,20,,,,20,,20,,,,,,20,
id_371,EPSG:4326,121.5597835,29.95550527,,,,,,,,,,,,,10,12,10,12,,,,,,,,,,,,,,,,,,,,
id_41,EPSG:4326,119.1777209,29.32386681,,,,,,,,,,,,,,,10,12,10,12,,,10,12,,,,,10,12,,,,,10,12,10,12
id_42,EPSG:4326,121.6233842,29.26906128,,,,,,,,,,,,,,,,,,,10,12,,,,,10,12,,,,,10,12,,,10,12
id_43,EPSG:4326,121.2425884,30.3045485,,,,,,,,,,,,,,,,,,,,,,,,,10,12,,,10,12,,,,,,
id_44,EPSG:4326,121.0482828,29.43338866,,,,,,,,,,,,,,,,,,,10,12,10,12,,,,,10,12,,,,,,,,
id_56,EPSG:4326,120.5578026,30.81483415,,,,,,,,,,,,,,,,,,,,,10,12,,,,,10,12,10,12,10,12,10,12,10,12
id_196,EPSG:4326,121.4880979,30.11612624,,,,,,,,,,,,,10,12,,,,,10,12,10,12,,,,,10,12,10,12,10,12,10,12,10,12
id_193,EPSG:4326,120.5437889,30.69101061,,,,,,,,,,,,,,,,,,,,,10,12,10,12,,,10,12,10,12,10,12,10,12,10,12
id_192,EPSG:4326,120.7725898,30.60736221,,,,,,,10,12,,,,,10,12,,,,,,,10,12,10,12,10,12,10,12,10,12,10,12,10,12,10,12
id_191,EPSG:4326,120.2079987,29.65984223,,,,,,,,,,,10,12,,,10,12,,,10,12,10,12,10,12,,,10,12,10,12,,,10,12,10,12
id_182,EPSG:4326,120.4917765,30.67563783,,,,,,,,,,,,,10,12,,,,,,,10,12,,,,,10,12,10,12,10,12,10,12,10,12
id_179,EPSG:4326,121.2409714,30.2512187,,,,,,,,,,,,,,,,,10,12,,,10,12,,,10,12,10,12,10,12,,,10,12,10,12
id_175,EPSG:4326,121.010284,30.78761607,,,,,,,,,,,,,,,,,,,,,10,12,10,12,,,10,12,10,12,10,12,10,12,10,12
id_174,EPSG:4326,121.1280532,30.66725164,,,,,,,,,,,,,10,12,,,,,10,12,10,12,10,12,,,10,12,10,12,10,12,10,12,10,12
id_168,EPSG:4326,121.8845245,29.3819471,,,,,,,,,,,10,12,,,,,,,,,10,12,,,10,12,10,12,,,10,12,10,12,10,12
id_167,EPSG:4326,119.9314972,29.91020257,,,,,,,,,,,,,,,,,,,,,,,,,,,10,12,10,12,10,12,10,12,10,12
id_164,EPSG:4326,120.4165875,30.44755203,,,,,,,,,,,,,10,12,,,,,,,10,12,10,11,10,11,10,11,10,11,,,10,11,10,11
id_156,EPSG:4326,120.7957664,29.80472872,,,,,,,,,,,,,,,,,,,10,12,,,10,12,,,10,12,10,12,10,12,10,12,10,12
id_153,EPSG:4326,121.0291487,30.19107064,,,,,,,,,,,,,10,12,,,10,12,10,12,,,,,,,10,12,10,12,10,12,10,12,10,12
id_152,EPSG:4326,120.9717463,30.7485201,,,,,,,,,,,,,,,,,,,,,10,12,,,10,12,10,12,10,12,10,12,10,12,10,12
id_148,EPSG:4326,121.5603225,29.70243632,,,,,,,,,,,,,10,12,,,,,,,,,,,10,12,,,10,12,10,12,10,12,10,12
id_147,EPSG:4326,120.7801357,30.34850017,,,,,,,,,,,,,,,,,,,,,30,,,,,,10,12,10,12,,,10,12,,
id_145,EPSG:4326,121.5357985,30.11565765,,,,,,,,,,,,,10,12,10,12,,,,,10,12,,,,,10,12,10,12,10,12,10,12,10,12
id_144,EPSG:4326,120.9437189,29.83081402,,,,,,,,,,,,,,,,,,,10,12,,,,,,,10,12,10,12,10,12,,,10,12
id_137,EPSG:4326,119.2733914,29.41026681,,,,,,,,,,,,,,,,,,,,,10,12,10,12,,,10,12,10,12,,,10,12,10,12
id_134,EPSG:4326,121.9303386,29.44518347,,,,,,,,,,,10,12,,,,,,,,,10,12,,,10,12,10,12,10,12,10,12,10,12,10,12
id_131,EPSG:4326,120.6343391,30.8006445,,,,,,,,,,,,,,,,,,,,,10,12,,,10,12,10,12,10,12,10,12,10,12,10,12
id_130,EPSG:4326,120.887664,29.63559547,,,,,,,,,,,,,,,,,,,10,12,10,12,,,10,12,10,12,,,10,12,,,10,12
id_129,EPSG:4326,121.2153694,30.30641919,,,,,,,,,,,,,,,,,10,12,10,12,,,,,10,12,10,12,10,12,,,10,12,10,12
id_127,EPSG:4326,120.9078761,29.31465589,,,,,,,,,,,,,,,,,,,10,12,,,,,,,10,12,,,10,12,,,10,12
id_126,EPSG:4326,119.9137106,29.92288004,,,,,,,,,,,,,,,,,,,,,,,,,10,12,10,12,10,12,10,12,10,12,10,12
id_123,EPSG:4326,120.8423889,30.62484354,,,,,,,,,,,,,10,12,,,,,,,10,12,,,,,10,12,10,12,10,12,10,12,10,12
id_121,EPSG:4326,119.5498929,29.65678228,,,,,,,,,,,,,,,,,10,12,,,,,,,,,10,12,,,,,,,10,12
id_120,EPSG:4326,121.2495952,30.3494351,,,,,,,,,,,,,,,,,50,52,,,,,,,,,,,10,12,10,12,10,12,10,12
id_117,EPSG:4326,119.5237519,29.91630674,,,,,,,,,,,,,,,,,,,,,,,,,,,10,12,,,,,10,12,10,12
id_116,EPSG:4326,121.9214452,29.37085305,,,,,,,,,,,,,,,,,,,,,10,12,,,10,12,10,12,,,10,12,10,12,10,12
id_115,EPSG:4326,120.912188,30.54230369,,,,,,,,,,,,,,,,,,,,,10,12,,,10,12,10,12,10,12,10,12,10,12,10,12
id_114,EPSG:4326,119.2300028,30.02447553,,,,,,,,,,,,,,,,,,,,,10,12,,,,,10,12,10,12,,,10,12,10,12
id_111,EPSG:4326,121.0070501,30.864365,,,,,,,,,,,,,,,,,,,,,10,12,10,12,10,12,10,12,10,12,10,12,10,11,10,11
id_108,EPSG:4326,120.4300622,29.78921528,,,,,,,,,,,,,,,,,,,10,12,,,10,12,10,12,10,12,,,10,12,10,12,10,12
id_106,EPSG:4326,120.5012088,30.50567432,,,,,,,,,,,,,,,,,,,,,10,12,,,,,10,12,10,12,10,12,10,12,10,12
id_105,EPSG:4326,121.7400754,29.2191908,,,,,,,,,,,,,,,,,,,10,12,,,,,10,12,10,12,,,10,12,10,12,10,12
id_103,EPSG:4326,120.813014,30.93385065,,,,,,,,,,,,,,,,,,,,,10,12,10,12,10,12,10,12,10,12,10,12,10,12,10,12
id_101,EPSG:4326,119.0771994,29.27260564,,,,,,,,,,,,,,,,,10,12,,,10,12,,,,,10,12,,,10,12,,,10,12
id_97,EPSG:4326,119.5582472,29.78427868,,,,,,,,,,,,,,,,,10,12,,,10,12,10,12,10,12,10,12,,,,,10,12,10,12
id_96,EPSG:4326,120.9097626,30.80320344,,,,,,,,,,,,,,,,,,,,,10,12,,,10,12,10,12,10,12,10,12,10,12,10,12
id_95,EPSG:4326,121.3959308,30.01908164,,,,,,,,,,,,,,,,,10,12,10,12,10,12,,,,,10,12,10,12,10,12,10,12,10,12
id_94,EPSG:4326,120.5006698,30.02893112,,,,,,,10,12,,,,,10,12,,,,,,,10,12,10,12,10,12,10,12,10,12,10,12,10,12,10,12
id_91,EPSG:4326,120.4960884,30.03197957,,,,,,,,,,,,,,,,,,,,,10,12,,,10,12,10,12,10,12,10,12,10,12,10,12
id_90,EPSG:4326,120.8429279,30.15290302,,,,,,,50,52,,,,,,,50,51,,,,,10,12,,,,,10,12,10,12,10,12,10,12,10,12
id_89,EPSG:4326,120.9658174,30.54207042,,,,,,,,,10,12,,,,,,,,,,,10,12,,,10,12,10,12,10,12,10,12,10,12,10,12
id_88,EPSG:4326,120.6548207,30.77691282,,,,,,,,,,,,,,,,,,,,,10,12,10,12,10,12,10,12,10,12,10,11,10,12,10,12
id_87,EPSG:4326,120.1381996,30.45619089,,,,,,,,,,,,,10,12,,,10,12,10,12,10,12,10,12,,,10,12,10,12,10,12,10,12,10,12
id_86,EPSG:4326,121.9004247,29.40908698,,,,,,,,,,,10,12,,,,,,,10,12,10,12,,,10,12,10,12,,,10,12,10,12,10,12
id_85,EPSG:4326,120.8006173,29.65207449,,,,,,,,,,,,,,,,,,,10,12,10,12,,,10,12,10,12,10,12,10,12,10,12,10,12
id_84,EPSG:4326,119.7070082,29.93461697,,,,,,,,,,,,,,,,,,,,,,,10,12,,,10,12,,,,,10,12,10,12
id_81,EPSG:4326,120.3484053,30.448486,,,,,,,10,12,,,,,10,12,,,,,,,10,12,10,12,10,12,10,12,10,12,10,11,10,12,10,12
id_80,EPSG:4326,121.4215328,29.97451211,,,,,,,,,,,,,10,12,,,10,12,10,12,10,12,,,10,12,10,12,10,12,10,12,10,12,10,12
id_79,EPSG:4326,120.3271153,29.55457326,,,,,,,,,,,,,,,,,,,10,12,10,12,,,,,10,12,10,12,,,10,12,10,12
id_78,EPSG:4326,120.8326871,30.10651983,,,,,,,10,12,,,,,,,10,12,,,,,10,12,10,12,10,12,10,12,10,12,10,12,10,12,10,12
id_77,EPSG:4326,121.6735102,29.49399927,,,,,,,10,12,10,12,10,12,,,10,12,10,12,10,12,10,12,10,12,10,12,10,12,,,10,12,10,12,10,12
id_76,EPSG:4326,120.5998438,29.48786912,,,,,,,,,,,,,,,,,,,10,12,,,,,10,12,10,12,10,12,10,12,,,10,12
id_75,EPSG:4326,120.2360261,30.11542336,,,,,,,,,,,10,12,,,10,12,10,12,10,12,10,12,10,12,10,12,10,12,10,12,10,12,10,12,10,12
id_74,EPSG:4326,121.4236887,29.93367807,,,,,,,,,,,,,10,12,,,10,12,10,12,10,12,,,10,12,10,12,,,10,12,10,12,10,12
id_72,EPSG:4326,119.8805627,30.07675741,,,,,,,,,,,,,,,,,,,10,12,10,12,,,10,12,10,12,10,12,,,10,12,10,12
id_71,EPSG:4326,119.2499454,29.7873347,,,,,,,,,,,,,,,,,,,,,,,,,,,,,,,,,,,10,12
id_70,EPSG:4326,120.1726949,30.05964578,10,12,,,,,,,,,10,12,,,10,12,10,12,10,12,,,10,12,10,12,10,12,10,12,10,12,10,12,10,12
id_69,EPSG:4326,121.3514642,29.66690328,,,,,,,,,,,,,,,,,10,12,,,10,12,,,10,12,10,12,10,12,10,12,10,12,10,12
id_68,EPSG:4326,120.8475093,30.91782002,,,,,,,,,,,,,,,,,,,,,10,12,10,12,10,12,10,12,10,12,10,12,10,12,10,12
id_66,EPSG:4326,120.7173434,29.68478905,,,,,,,,,,,,,,,,,,,10,12,,,,,,,10,12,,,10,12,10,12,10,12
id_65,EPSG:4326,120.7844476,29.56611823,,,,,,,,,,,,,,,,,,,10,12,10,12,,,10,12,10,12,10,12,10,12,10,12,10,12
id_64,EPSG:4326,120.7828306,30.83320776,,,,,,,10,12,,,,,,,,,,,,,10,12,,,10,12,10,12,10,12,10,12,10,12,10,12
id_61,EPSG:4326,121.4463263,30.16227069,,,,,,,,,,,,,10,12,10,12,10,12,10,12,,,,,10,12,10,12,10,12,,,10,12,10,12
id_59,EPSG:4326,121.1272447,30.73757967,,,,,,,,,,,,,,,,,,,10,12,10,12,10,12,,,10,12,,,10,12,10,12,10,12
id_58,EPSG:4326,120.2686349,29.57671958,,,,,,,,,,,,,,,,,,,10,12,10,12,10,12,,,10,12,10,12,,,10,12,10,12
id_53,EPSG:4326,119.1054963,29.61746539,,,,,,,,,,,,,,,,,,,,,10,12,10,12,,,10,12,10,12,,,,,10,12
id_52,EPSG:4326,119.9775808,30.27203951,,,,,,,,,,,,,,,10,12,10,12,10,12,,,10,12,10,12,10,12,10,12,10,12,10,12,10,12
id_50,EPSG:4326,122.0243922,29.81201449,,,,,,,,,20,,,,,,,,,,,,,,20,,20,,,,20,,20,,20,,20,
id_49,EPSG:4326,120.9625835,30.62670803,,,,,,,,,10,12,,,,,,,,,,,10,12,,,,,10,12,10,12,10,12,10,12,10,12
id_48,EPSG:4326,119.3038443,29.56305541,,,,,,,,,,,,,,,,,,,,,10,12,,,,,10,12,,,,,10,12,10,11
id_47,EPSG:4326,121.3428404,29.96958476,,,,,,,,,,,,,,,,,10,12,10,12,10,12,,,10,12,10,12,,,10,12,10,12,10,12
id_46,EPSG:4326,118.7839893,29.55928565,,,,,,,,,,,,,,,,,,,,,20,,,,,,,,10,12,,,,,10,12
id_45,EPSG:4326,120.7488743,30.33120242,,,,,,,,,,,,,,,,,,,,,,,,,,,,,,,,,10,12,10,12
id_39,EPSG:4326,120.9447969,29.4807954,,,,,,,,,,,,,,,,,,,10,12,10,12,,,10,12,10,12,10,12,10,12,,,10,12
id_38,EPSG:4326,121.188959,30.2537923,,,,,,,,,,,,,,,,,10,12,10,12,10,12,,,10,12,10,12,10,12,,,10,12,10,12
id_37,EPSG:4326,120.7857951,30.95150443,,,,,,,,,,,,,,,,,,,,,10,12,,,,,10,12,10,12,10,12,,,10,12
id_36,EPSG:4326,119.0518669,29.97990844,,,,,,,,,,,,,,,,,,,,,10,12,,,,,10,12,10,12,10,12,10,12,10,12
id_33,EPSG:4326,120.8504738,30.1264345,,,,,,,10,12,,,,,,,10,12,,,,,10,12,,,,,10,12,10,12,10,12,10,12,10,12
id_32,EPSG:4326,120.4049992,30.64884604,,,,,,,,,,,,,10,12,,,,,,,10,12,,,,,10,12,10,12,10,12,10,12,10,12
id_29,EPSG:4326,120.7494133,30.62950469,,,,,,,10,12,,,,,10,12,,,,,,,10,12,10,12,10,12,10,12,10,12,10,12,10,12,10,12
id_28,EPSG:4326,120.9434494,29.87403937,,,,,,,,,,,,,,,,,,,10,12,,,,,,,10,12,10,12,10,12,10,12,10,12
id_27,EPSG:4326,120.9827956,30.77784359,,,,,,,,,,,,,,,,,,,,,10,12,10,12,10,12,10,12,10,12,10,12,10,12,10,12
id_26,EPSG:4326,120.8604451,29.79979289,,,,,,,,,,,,,,,,,,,10,12,,,,,,,,,20,,30,,10,12,10,12
id_25,EPSG:4326,119.891612,29.98460066,,,,,,,,,,,,,,,,,,,,,10,12,,,10,12,10,12,10,12,10,12,10,12,10,12
id_24,EPSG:4326,121.16174,30.28747679,,,,,,,,,,,,,10,12,,,10,12,10,12,,,,,10,12,10,12,10,12,,,10,12,10,12
id_23,EPSG:4326,121.4447093,29.79532692,,,,,,,,,,,,,10,12,10,12,10,12,10,12,10,12,,,,,10,12,,,,,,,,
id_19,EPSG:4326,121.4835165,30.12502889,,,,,,,,,,,,,10,12,10,12,10,12,10,12,10,12,,,,,10,12,10,12,,,10,12,10,12
id_17,EPSG:4326,120.3659225,29.57766186,,,,,,,,,,,,,,,,,,,10,12,,,,,,,10,12,10,12,,,10,12,10,12
id_16,EPSG:4326,121.4244972,29.70573013,,,,,,,,,,,,,10,12,,,10,12,,,10,12,,,,,,,80,,80,,30,,80,
id_14,EPSG:4326,119.7247949,30.20090283,,,,,,,10,12,,,,,,,,,,,10,12,10,12,10,12,10,12,10,12,10,12,,,10,12,10,12
id_13,EPSG:4326,121.010823,30.56422797,,,,,,,,,60,62,,,50,52,,,,,,,80,,,,80,,10,12,10,12,,,10,12,10,12
id_12,EPSG:4326,120.8467008,30.85088029,,,,,,,10,12,,,,,,,,,,,,,10,12,,,10,12,10,12,10,12,10,12,10,12,10,12
id_10,EPSG:4326,121.4506382,29.6565469,,,,,,,,,,,,,10,12,,,10,12,,,10,12,,,10,12,10,12,10,12,10,12,10,12,10,12
id_9,EPSG:4326,119.8646626,30.0823825,,,,,,,,,,,,,,,,,,,,,,,,,70,71,70,71,70,71,,,70,71,70,71
id_8,EPSG:4326,121.6188028,29.47442864,,,,,,,,,,,,,,,,,10,12,10,12,,,,,10,12,,,,,10,12,10,12,,
id_6,EPSG:4326,119.1208575,29.26858869,,,,,,,,,,,,,,,,,10,12,,,10,12,,,,,10,12,,,10,12,,,10,12
id_5,EPSG:4326,120.6316442,30.17936437,,,,,,,,,,,,,,,,,,,,,,,,,,,,,,,,,,,10,12
id_999,EPSG:4326,120.9757887,30.59150971,,,,,,,,,70,71,,,,,,,,,,,70,71,,,70,71,70,71,70,71,70,71,70,71,70,71
id_998,EPSG:4326,120.711684,30.62810637,,,,,,,,,,,,,,,,,,,,,70,71,70,71,70,71,70,71,70,71,70,71,70,71,70,71
id_800,EPSG:4326,121.4115615,29.91442857,,,,,,,,,,,,,80,,,,80,,80,,80,,,,,,,,,,,,60,62,,
id_700,EPSG:4326,121.8799431,29.11085673,,,,,,,,,,,,,,,,,50,52,,,,,,,60,62,,,60,62,60,62,,,60,62
id_30,EPSG:4326,120.0861871,30.15899211,10,12,,,,,,,,,,,10,12,10,12,10,12,10,12,10,12,,,,,10,12,10,12,10,12,10,12,30,
id_709,EPSG:4326,121.0100146,30.43050552,60,62,60,62,60,62,60,62,60,62,60,62,60,62,60,62,60,62,60,62,60,62,60,62,60,62,60,62,60,62,60,62,60,62,60,62
id_707,EPSG:4326,120.83646,30.74549415,,,,,,,60,62,,,,,60,62,,,,,,,60,62,,,60,62,60,62,60,62,60,62,60,62,60,62
id_708,EPSG:4326,121.7640604,29.5703589,,,,,,,60,62,,,,,,,,,,,,,50,52,,,,,,,,,,,,,50,52
id_22,EPSG:4326,120.5788232,30.85297287,,,,,,,,,,,,,,,,,,,,,40,42,,,,,40,42,,,,,,,,
id_149,EPSG:4326,121.3614355,30.13955254,,,,,,,,,,,,,,,,,20,,,,,,,,,,,,,,,,,,,
id_11,EPSG:4326,120.2349481,29.56423343,,,,,,,,,,,,,,,,,,,10,12,10,12,10,12,,,10,12,,,,,10,12,10,12
id_15,EPSG:4326,120.9504562,30.54183716,,,,,,,,,10,12,,,,,,,,,,,10,12,,,,,,,,,,,,,,
id_21,EPSG:4326,119.6345142,30.02752411,,,,,,,,,,,,,,,,,,,20,,,,,,,,20,,20,,,,20,,20,
id_118,EPSG:4326,119.6342447,29.71443468,,,,,,,,,,,,,,,,,,,,,,,,,,,20,,,,,,20,,20,
id_199,EPSG:4326,122.0413703,29.85195922,,,,,,,,,,,,,,,,,,,,,10,12,10,12,10,12,,,,,10,12,10,12,,
id_195,EPSG:4326,119.2405131,29.34582793,,,,,,,,,,,,,,,,,,,,,10,12,,,,,10,12,,,,,10,12,10,12
id_186,EPSG:4326,120.6987483,30.68169407,,,,,,,,,,,,,,,,,,,,,10,12,10,12,10,12,10,12,,,10,12,10,12,10,12
id_184,EPSG:4326,120.2794147,30.37771233,,,,,,,10,12,,,10,12,10,12,,,10,12,10,12,10,12,,,10,12,10,12,10,12,10,12,10,12,10,12
id_183,EPSG:4326,121.5217848,29.27024275,,,,,,,,,,,,,60,62,,,,,,,60,62,,,60,62,,,,,60,62,60,62,60,62
id_181,EPSG:4326,121.4996862,29.66808008,,,,,,,,,,,,,10,12,,,10,12,,,10,12,,,10,12,,,10,12,10,12,,,10,12
id_180,EPSG:4326,121.0728068,30.14072371,,,,,,,,,,,,,,,,,10,11,,,10,12,,,,,10,12,10,12,10,12,10,12,10,12
id_178,EPSG:4326,121.607484,29.95339317,,,,,,,,,,,,,,,,,,,,,,,,,10,12,10,12,10,12,10,12,10,12,10,12
id_177,EPSG:4326,120.3670005,29.53760681,,,,,,,,,,,,,,,,,,,10,12,,,,,,,10,12,10,12,,,10,12,10,12
id_173,EPSG:4326,120.5621145,30.67144483,,,,,,,,,,,,,,,,,,,,,,,,,,,,,,,,,,,10,12
id_171,EPSG:4326,121.0156739,29.57907528,,,,,,,,,,,10,12,,,,,,,10,12,10,12,,,10,12,10,12,10,12,10,12,,,10,12
id_162,EPSG:4326,120.0568122,30.42093014,,,,,,,,,,,,,,,10,12,,,10,12,10,12,,,,,10,12,,,,,,,,
id_160,EPSG:4326,120.1131366,29.62146842,10,12,,,,,,,,,,,,,,,,,10,12,,,10,12,,,10,12,,,,,10,12,,
id_158,EPSG:4326,119.5086602,30.17913023,,,,,,,,,,,,,,,,,,,,,20,,,,,,20,,,,,,,,,
id_157,EPSG:4326,121.660305,29.91724581,,,,,,,,,,,,,,,,,,,10,12,10,12,10,12,10,12,10,12,10,12,10,12,10,12,10,12
id_155,EPSG:4326,121.1078411,30.74526138,,,,,,,,,,,,,,,,,,,10,12,10,12,10,12,,,10,12,,,10,12,10,12,,
id_151,EPSG:4326,119.1984719,29.38973582,,,,,,,,,,,,,,,,,,,,,10,12,,,,,10,12,,,,,,,10,12
id_142,EPSG:4326,119.4625766,29.93133077,,,,,,,,,,,,,,,,,,,,,,,,,,,10,12,,,,,,,10,12
id_136,EPSG:4326,120.9375205,30.52597384,,,,,,,,,70,72,,,,,,,,,,,70,72,,,70,72,,,70,72,70,72,70,72,70,72
id_128,EPSG:4326,120.8248718,29.99234234,,,,,,,10,12,,,,,,,10,12,,,10,12,10,12,,,10,12,10,12,10,12,10,12,10,12,10,12
id_119,EPSG:4326,119.8875696,29.91255037,,,,,,,,,,,,,,,,,,,,,,,,,,,,,,,10,12,10,12,10,12
id_1099,EPSG:4326,121.7061191,29.98694669,,,,,,,,,,,,,,,,,,,60,62,60,62,50,52,,,50,52,50,52,50,52,50,52,50,52
id_1098,EPSG:4326,120.4090416,30.16133397,,,,,,,70,72,,,,,30,,,,,,70,72,70,72,70,72,,,70,72,70,72,70,72,70,72,70,72
id_1097,EPSG:4326,120.4925849,30.33587779,,,,,,,,,,,,,,,,,,,10,12,10,12,,,,,70,72,70,72,70,72,70,72,70,72
id_1096,EPSG:4326,120.3478664,30.23881766,,,,,,,,,,,,,60,61,,,,,70,72,70,72,70,72,,,70,72,70,72,70,72,70,72,70,72
id_1095,EPSG:4326,120.5863691,30.26104481,,,,,,,,,,,,,60,61,,,,,,,,,,,,,80,,70,72,70,72,70,72,70,72
id_1094,EPSG:4326,120.4766848,30.24817708,,,,,,,80,,,,,,,,,,,,70,72,70,72,70,72,,,70,72,70,72,70,72,70,72,70,72
id_1093,EPSG:4326,121.2420494,30.33844915,,,,,,,,,,,,,,,,,60,61,,,,,,,,,,,80,,,,70,72,70,72
id_1091,EPSG:4326,121.6902189,29.52770838,,,,,,,20,,20,,20,,,,20,,20,,20,,30,,,,80,,,,,,80,,80,,80,
id_1090,EPSG:4326,121.8001727,29.93884193,,,,,,,,,,,,,,,,,80,,70,72,70,72,70,72,70,72,70,72,70,72,70,72,70,72,70,72
id_1089,EPSG:4326,121.7697198,29.89775829,,,,,,,,,,,,,,,,,,,70,72,70,72,,,,,70,72,70,72,70,72,70,72,70,72
id_1087,EPSG:4326,121.5942788,30.13299374,,,,,,,,,,,,,60,62,60,62,,,,,60,62,,,,,50,52,50,52,50,52,50,52,50,52
id_1086,EPSG:4326,120.4093111,30.16390994,,,,,,,70,72,,,,,70,72,,,,,70,72,70,72,70,72,,,70,72,70,72,70,72,70,72,70,72
id_1085,EPSG:4326,120.5273497,30.27812116,,,,,10,12,10,12,,,,,,,,,,,,,,,,,,,,,,,,,,,,
id_1084,EPSG:4326,120.8763452,30.8411143,,,,,80,,,,,,,,,,,,,,,,,,,,80,,80,,80,,70,72,70,72,70,72
id_1083,EPSG:4326,121.857575,29.89517532,,,,,,,,,,,,,,,,,,,80,,80,,,,,,,,70,72,70,72,70,72,70,72
id_1082,EPSG:4326,121.8896449,29.91043735,,,,,,,,,,,,,,,,,,,70,72,70,72,70,72,70,72,70,72,70,72,70,72,70,72,70,72
id_1079,EPSG:4326,119.7859701,30.31694115,,,,,,,,,,,,,,,,,,,,,80,,80,,,,70,72,70,72,,,70,72,70,72
id_1078,EPSG:4326,121.8672768,29.10044301,,,,,,,,,,,,,,,,,40,41,40,41,,,,,,,80,,80,,80,,80,,80,
id_1077,EPSG:4326,120.7213858,30.24185957,,,,,,,50,52,,,,,,,,,,,,,,,,,,,70,72,70,72,70,72,70,72,70,72
id_1076,EPSG:4326,121.935459,29.63794978,,,,,,,,,,,60,62,,,,,,,,,60,62,,,60,62,60,62,60,62,50,52,80,,80,
id_1075,EPSG:4326,120.3985313,30.3480327,,,,,,,,,,,,,30,,,,,,30,,40,41,80,,30,,30,,70,72,70,72,70,72,70,72
id_1074,EPSG:4326,120.6990178,30.22173441,,,,,,,60,61,,,,,,,,,,,,,,,,,,,30,,70,72,70,72,70,72,70,72
id_1073,EPSG:4326,121.931686,29.93813778,,,,,,,,,60,62,,,,,,,,,60,62,,,,,,,,,,,,,,,,
id_1072,EPSG:4326,118.6015414,29.50555122,,,,,,,,,,,,,,,,,,,,,,,,,,,30,,80,,,,,,10,12
id_1071,EPSG:4326,121.5393019,29.67867059,,,,,,,,,,,,,20,,,,,,,,,,,,20,,20,,,,80,,80,,,
id_1068,EPSG:4326,120.2125801,30.39523539,,,,,,,,,,,,,,,,,80,,80,,80,,80,,,,80,,80,,80,,80,,80,
id_1067,EPSG:4326,120.8367295,30.19294352,,,,,,,50,52,,,,,,,60,62,,,,,50,52,,,,,80,,70,72,70,72,70,72,70,72
id_1066,EPSG:4326,121.6912969,29.99374986,,,,,,,,,,,,,,,,,,,50,52,50,52,50,52,50,52,50,52,50,52,50,52,50,52,50,52
id_1063,EPSG:4326,120.2632451,30.05847364,,,,,,,,,,,10,12,,,10,12,10,12,10,12,10,12,10,12,,,,,80,,,,,,,
id_1062,EPSG:4326,121.43366,29.51097311,,,,,,,,,,,,,20,,,,,,,,,,,,80,,,,,,80,,80,,80,
id_1061,EPSG:4326,122.1313815,29.87873664,,,,,,,,,,,,,,,,,,,,,20,,80,,80,,,,80,,80,,80,,80,
id_1060,EPSG:4326,121.586733,30.12924566,,,,,,,,,,,,,60,62,60,62,,,,,60,62,,,,,50,52,,,50,52,50,52,50,52
id_1059,EPSG:4326,118.5153032,29.42395181,,,,,,,,,,,,,,,,,,,,,,,,,,,80,,80,,,,,,80,
id_1058,EPSG:4326,121.3185859,30.34055294,,,,,,,,,,,,,,,,,50,52,,,,,,,,,,,70,72,70,72,70,72,70,72
id_1056,EPSG:4326,120.3031303,30.45105437,,,,,,,,,,,,,70,72,,,70,72,70,72,70,72,,,70,72,70,72,70,72,70,72,70,72,70,72
id_1055,EPSG:4326,121.7707978,29.96911548,,,,,,,,,,,,,,,,,,,70,72,70,72,70,72,,,70,72,70,72,70,72,70,72,70,72
id_1051,EPSG:4326,121.7743012,29.31418352,,,,,,,,,,,,,,,,,,,70,73,,,,,,,70,73,,,70,73,70,73,70,73
id_1050,EPSG:4326,120.289386,29.81365959,,,,,,,,,,,10,12,,,10,12,,,10,12,10,12,10,12,,,10,12,10,12,10,12,10,12,10,12
id_1049,EPSG:4326,121.0180994,29.45249556,,,,,,,,,,,,,,,,,,,10,12,10,12,,,10,12,10,12,,,70,73,,,,
id_1047,EPSG:4326,121.6441353,30.04792376,,,,,,,,,,,,,,,50,52,,,,,50,52,50,52,50,52,50,52,50,52,50,52,70,73,70,73
id_1045,EPSG:4326,120.3033997,30.49283908,,,,,,,70,72,,,,,70,72,,,70,72,70,72,70,72,70,72,,,70,72,70,72,70,72,70,72,70,72
id_1044,EPSG:4326,120.8305312,30.84553237,,,,,,,10,12,,,,,,,,,,,,,,,,,,,,,,,,,,,,
id_1040,EPSG:4326,120.2090766,29.61534608,,,,,,,,,,,,,,,,,,,10,12,10,12,10,12,,,10,12,,,,,80,,80,
id_1026,EPSG:4326,121.5832295,30.10909725,,,,,,,,,,,,,80,,80,,,,,,,,,,,,80,,70,73,,,,,,
id_1017,EPSG:4326,120.7957664,30.18357879,,,,,,,10,12,,,,,,,,,,,,,10,12,,,,,10,12,10,12,80,,70,73,70,73
id_1016,EPSG:4326,121.8998857,29.38855575,,,,,,,,,,,10,12,,,,,,,,,,,,,,,,,,,,,,,,
id_1011,EPSG:4326,120.4268283,30.56469439,,,,,,,,,,,,,10,12,,,,,,,10,12,,,,,,,10,12,10,12,10,12,10,12
id_1006,EPSG:4326,121.7163599,29.88719116,,,,,,,,,,,,,,,,,,,30,,,,,,,,80,,80,,80,,80,,80,
id_699,EPSG:4326,121.7247142,29.20902461,,,,,,,,,,,,,,,,,,,,,,,,,,,,,,,,,,,60,61
id_374,EPSG:4326,119.6924555,30.17093499,,,,,,,,,,,,,,,,,,,,,80,,80,,80,,80,,80,,,,80,,80,
id_375,EPSG:4326,119.1308288,30.24373147,,,,,,,,,,,,,,,,,,,,,,,,,,,,,,,,,,,30,
id_376,EPSG:4326,119.3736434,29.97967382,,,,,,,,,,,,,,,,,,,,,,,,,,,20,,,,,,30,,30,
id_377,EPSG:4326,120.3810142,29.71866905,,,,,,,,,,,,,,,,,,,10,12,,,10,12,,,10,12,,,30,,30,,60,62
id_379,EPSG:4326,118.921701,29.70078937,,,,,,,,,,,,,,,,,,,,,10,12,,,,,10,12,10,12,,,,,30,
id_380,EPSG:4326,120.5712774,29.67584657,,,,,,,,,,,,,,,,,,,20,,,,,,20,,20,,,,20,,,,30,
id_384,EPSG:4326,121.0792747,29.53006524,,,,,,,,,,,,,,,,,,,,,30,,,,,,,,30,,,,,,30,
id_387,EPSG:4326,120.5308532,29.41475003,,,,,,,,,,,,,,,,,,,10,12,,,,,10,12,10,12,,,10,12,,,,
id_388,EPSG:4326,120.6308357,30.55513233,,,,,,,,,,,,,10,12,,,,,,,,,,,,,,,,,,,,,,
id_393,EPSG:4326,119.8657405,30.20394592,,,,,,,,,,,,,,,,,,,20,,,,20,,20,,20,,20,,,,20,,20,
id_400,EPSG:4326,119.544503,29.62570674,,,,,,,,,,,,,,,,,10,12,,,,,,,,,10,12,,,,,,,,
id_401,EPSG:4326,119.2766254,30.23554166,,,,,,,,,,,,,,,,,,,,,30,,,,,,40,41,30,,,,,,40,41
id_402,EPSG:4326,121.4271922,29.92710549,,,,,,,,,,,,,10,12,10,12,10,12,10,12,10,12,,,10,12,,,,,70,73,70,72,70,72
id_417,EPSG:4326,119.5895086,29.5079086,,,,,,,,,,,,,,,,,70,71,,,,,,,,,70,71,,,,,70,71,70,71
id_418,EPSG:4326,119.2844407,29.92710549,,,,,,,,,,,,,,,,,,,,,,,,,,,20,,,,,,30,,30,
id_419,EPSG:4326,121.2663039,29.39634395,,,,,,,,,,,,,,,,,,,,,,,,,,,30,,,,30,,30,,30,
id_421,EPSG:4326,119.2049398,30.273443,,,,,,,,,,,,,,,,,,,,,,,,,,,,,20,,,,,,30,
id_423,EPSG:4326,120.6505088,30.15805535,,,,,,,,,,,,,30,,,,,,30,,,,,,,,,,30,,,,,,30,
id_428,EPSG:4326,119.4173016,30.23694567,,,,,,,,,,,,,,,,,,,,,20,,,,,,,,20,,,,,,30,
id_429,EPSG:4326,121.8856025,29.76076767,,,,,,,,,,,50,51,,,,,,,,,,,,,80,,,,70,72,70,72,70,72,70,72
id_431,EPSG:4326,120.488273,29.48338916,,,,,,,,,,,,,,,,,,,30,,,,,,,,30,,30,,30,,10,12,30,
id_432,EPSG:4326,121.5128914,30.22641505,,,,,,,,,,,,,60,62,50,52,50,52,50,52,50,52,,,,,,,50,52,,,50,52,50,52
id_433,EPSG:4326,121.6764747,29.68737751,,,,,,,,,,,,,,,,,40,41,30,,,,,,,,,,30,,,,,,,
id_435,EPSG:4326,120.7095281,29.80613891,,,,,,,,,,,,,,,,,,,60,61,,,60,61,60,61,60,61,,,,,60,61,30,
id_436,EPSG:4326,121.7063886,29.90433282,,,,,,,,,,,,,,,,,,,50,52,50,52,30,,30,,80,,,,,,,,,
id_442,EPSG:4326,120.51657,30.61132492,,,,,,,,,,,,,,,,,,,,,,,,,,,,,30,,70,72,70,72,70,72
id_445,EPSG:4326,120.9547682,29.89400122,,,,,,,,,,,,,,,,,,,30,,,,30,,,,30,,30,,30,,30,,30,
id_448,EPSG:4326,120.1260723,30.1414264,50,52,,,,,,,,,,,50,52,50,52,50,52,50,52,50,52,50,52,,,50,52,50,52,50,52,30,,50,52
id_449,EPSG:4326,120.6222118,29.65960685,,,,,,,,,,,,,,,,,,,,,,,,,30,,30,,30,,40,42,,,40,42
id_451,EPSG:4326,120.6712599,30.04628257,,,,,,,60,61,,,,,,,,,,,,,60,61,,,60,61,60,61,60,61,60,61,,,,
id_452,EPSG:4326,120.513875,29.62005561,,,,,,,,,,,,,,,,,,,10,12,,,,,,,,,30,,40,42,40,42,40,42
id_454,EPSG:4326,121.0507082,29.56941655,,,,,,,,,,,30,,,,,,,,30,,30,,,,,,30,,30,,30,,,,30,
id_455,EPSG:4326,118.6794254,29.21824515,,,,,,,,,,,,,,,,,,,,,,,,,,,,,70,71,70,71,70,71,70,71
id_458,EPSG:4326,121.1897674,29.60310027,,,,,,,,,,,,,,,,,,,,,,,,,30,,30,,30,,30,,40,42,30,
id_461,EPSG:4326,119.196855,30.21401086,,,,,,,,,,,,,,,,,,,,,,,,,,,,,30,,,,,,30,
id_462,EPSG:4326,120.5922979,30.35013628,,,,,,,,,,,,,30,,,,,,,,30,,,,,,,,10,12,,,10,12,10,12
id_425,EPSG:4326,119.6223869,29.98624289,,,,,,,,,,,,,,,,,,,,,,,,,,,10,12,,,,,30,,30,
id_463,EPSG:4326,118.9874577,30.17866195,,,,,,,,,,,,,,,,,,,,,20,,,,,,30,,30,,40,41,,,,
id_465,EPSG:4326,120.7610016,30.18826127,,,,,,,10,12,,,,,,,,,,,,,10,12,,,,,60,61,,,,,60,61,60,61
id_466,EPSG:4326,121.4277312,29.71255268,,,,,,,,,,,,,10,12,,,10,12,,,10,12,,,,,10,12,10,12,10,12,10,12,,
id_468,EPSG:4326,119.1464595,29.59838994,,,,,,,,,,,,,,,,,,,,,30,,30,,,,30,,30,,,,,,30,
id_469,EPSG:4326,121.3016077,29.69373072,,,,,,,,,,,,,,,,,,,,,,,,,,,,,,,,,,,30,
id_472,EPSG:4326,121.0730763,29.32433915,,,,,,,,,,,,,,,,,,,,,,,,,,,80,,,,30,,,,,
id_473,EPSG:4326,119.4086777,30.12479462,,,,,,,,,,,,,,,,,,,,,30,,,,,,30,,30,,,,,,30,
id_474,EPSG:4326,119.4738954,30.29870236,,,,,,,,,,,,,,,,,,,,,,,,,,,,,30,,,,,,30,
id_475,EPSG:4326,121.2407019,30.26315027,,,,,,,,,,,,,,,,,30,,,,,,,,30,,30,,30,,,,80,,70,72
id_476,EPSG:4326,119.2998019,29.94259729,,,,,,,,,,,,,,,,,,,,,20,,,,,,20,,,,,,20,,,
id_478,EPSG:4326,121.6037111,30.04956493,,,,,,,,,,,,,,,,,,,,,60,61,,,,,30,,30,,70,72,70,72,70,72
id_479,EPSG:4326,118.9626642,30.31390159,,,,,,,,,,,,,,,,,,,,,,,,,,,30,,30,,,,,,,
id_480,EPSG:4326,119.246442,29.92170626,,,,,,,,,,,,,,,,,,,,,30,,,,,,20,,,,,,20,,20,
id_482,EPSG:4326,119.2529099,30.28513797,,,,,,,,,,,,,,,,,,,,,,,,,,,,,30,,,,,,30,
id_487,EPSG:4326,119.7016183,30.30267777,,,,,,,,,,,,,,,,,,,,,,,,,30,,,,30,,,,30,,30,
id_490,EPSG:4326,120.5063292,29.64289366,,,,,,,,,,,,,,,,,,,20,,,,,,,,20,,20,,30,,30,,30,
id_496,EPSG:4326,118.8405831,29.84514626,,,,,,,,,,,,,,,,,,,,,,,,,,,,,30,,,,30,,30,
id_507,EPSG:4326,121.1178124,29.47537189,,,,,,,,,,,,,,,,,,,,,,,,,,,40,42,,,40,42,,,40,42
id_510,EPSG:4326,120.5521433,29.48739755,,,,,,,,,,,,,,,,,,,20,,20,,,,20,,20,,,,20,,,,40,42
id_511,EPSG:4326,120.4691389,29.56117055,,,,,,,,,,,,,,,,,,,30,,,,,,,,40,42,40,42,,,40,42,40,42
id_517,EPSG:4326,121.0949053,29.74454182,,,,,,,,,,,,,,,,,,,,,,,,,40,41,40,41,40,41,40,41,,,40,41
id_519,EPSG:4326,120.9924974,30.02213039,,,,,,,,,,,,,,,20,,,,,,,,,,,,,,40,41,40,41,,,40,41
id_520,EPSG:4326,120.8060071,29.70102465,,,,,,,,,,,,,,,,,,,40,42,,,,,,,40,42,,,40,42,40,42,40,42
id_527,EPSG:4326,121.2851685,29.46475981,,,,,,,,,,,,,,,,,,,,,,,,,,,30,,,,30,,40,41,40,41
id_529,EPSG:4326,120.8755368,29.48221019,,,,,,,,,,,,,,,,,,,,,40,41,,,40,41,40,41,,,40,41,,,40,41
id_530,EPSG:4326,121.0722678,29.55198135,,,,,,,,,,,40,41,,,,,,,,,40,41,,,40,41,,,40,41,,,,,40,41
id_531,EPSG:4326,121.1506907,29.4253674,,,,,,,,,,,,,,,,,,,,,,,,,,,40,41,,,,,,,40,41
id_532,EPSG:4326,119.1046878,30.02564807,,,,,,,,,,,,,,,,,,,,,30,,,,,,,,40,41,,,,,40,41
id_533,EPSG:4326,120.9526122,29.85947642,,,,,,,,,,,,,,,,,,,40,42,,,,,,,40,42,,,40,42,40,42,40,42
id_537,EPSG:4326,120.4745288,29.5008363,,,,,,,,,,,,,,,,,,,40,42,,,,,,,40,42,,,40,42,40,42,40,42
id_538,EPSG:4326,120.6143965,29.37604616,,,,,,,,,,,,,,,,,,,40,42,,,,,40,42,40,42,,,40,42,,,40,42
id_539,EPSG:4326,120.5198039,29.54986065,,,,,,,,,,,,,,,,,,,40,41,,,,,,,40,41,40,41,40,41,40,41,40,41
id_545,EPSG:4326,118.6942476,29.53689981,,,,,,,,,,,,,,,,,,,,,,,,,,,40,41,40,41,,,,,40,41
id_547,EPSG:4326,120.7545337,29.28819935,,,,,,,,,,,,,,,,,,,40,41,,,,,40,41,40,41,,,40,41,,,40,41
id_549,EPSG:4326,119.3108512,30.09152257,,,,,,,,,,,,,,,,,,,,,,,,,,,,,40,41,,,,,40,41
id_551,EPSG:4326,121.1517687,29.57365708,,,,,,,,,,,40,41,,,,,,,,,,,,,40,41,,,40,41,,,,,40,41
id_552,EPSG:4326,121.037503,29.53713548,,,,,,,,,,,40,42,,,,,,,40,42,40,42,,,40,42,40,42,40,42,40,42,,,40,42
id_553,EPSG:4326,121.6131434,29.62688402,,,,,,,,,,,,,,,,,,,,,,,,,40,42,,,,,40,42,40,42,40,42
id_554,EPSG:4326,120.7364775,29.37415779,,,,,,,,,,,,,,,,,,,40,42,,,,,,,40,42,,,40,42,40,42,40,42
id_555,EPSG:4326,121.0574456,29.57507055,,,,,,,,,,,,,,,,,,,40,42,40,42,,,40,42,,,40,42,40,42,,,40,42
id_557,EPSG:4326,121.0323826,29.60074513,,,,,,,,,,,,,,,,,,,40,41,40,41,,,,,40,41,,,40,41,,,40,41
id_558,EPSG:4326,121.2563326,29.12481891,,,,,,,,,,,,,,,,,,,,,,,,,10,12,,,,,40,42,40,42,40,42
id_559,EPSG:4326,120.5432499,29.61864277,,,,,,,,,,,,,,,,,,,40,42,,,,,40,42,40,42,40,42,40,42,,,40,42
id_560,EPSG:4326,120.6011913,29.34984181,,,,,,,,,,,,,,,,,,,40,42,,,,,40,42,40,42,40,42,40,42,40,42,40,42
id_561,EPSG:4326,121.6745882,29.27733126,,,,,,,,,,,,,,,,,,,40,41,,,,,40,41,,,,,40,41,,,40,41
id_562,EPSG:4326,121.1458398,29.88484275,,,,,,,,,,,,,,,,,40,42,10,12,,,,,,,,,40,42,,,40,42,40,42
id_564,EPSG:4326,121.9165943,29.21233464,,,,,,,,,,,,,,,,,40,42,40,42,,,,,40,42,40,42,40,42,,,,,40,42
id_565,EPSG:4326,121.13506,29.80214331,,,,,,,,,,,,,,,,,20,,,,,,,,,,10,12,40,42,,,40,42,40,42
id_568,EPSG:4326,118.7570398,29.36188249,,,,,,,,,,,,,,,,,,,,,,,,,,,,,40,41,,,40,41,40,41
id_570,EPSG:4326,118.8174066,29.39516396,,,,,,,,,,,,,,,,,,,,,,,,,,,,,40,41,,,,,40,41
id_571,EPSG:4326,119.4663496,30.0706632,,,,,,,,,,,,,,,,,,,,,30,,,,,,40,41,,,,,,,40,41
id_577,EPSG:4326,119.3501974,30.24443342,,,,,,,,,,,,,,,,,,,,,40,41,,,,,,,40,41,,,,,40,41
id_579,EPSG:4326,121.0515167,29.7555945,,,,,,,,,,,,,,,,,,,40,42,,,,,,,,,,,,,40,42,40,42
id_580,EPSG:4326,119.2860577,30.32021441,,,,,,,,,,,,,,,,,,,,,,,,,,,,,30,,,,,,40,41
id_582,EPSG:4326,118.9844932,30.16906169,,,,,,,,,,,,,,,,,,,,,40,41,,,,,40,41,,,40,41,,,40,41
id_583,EPSG:4326,120.5219599,29.62405853,,,,,,,,,,,,,,,,,,,40,42,,,,,,,40,42,40,42,,,40,42,40,42
id_584,EPSG:4326,121.1469178,29.55999249,,,,,,,,,,,10,12,,,,,,,,,,,,,,,,,10,12,,,,,10,12
id_590,EPSG:4326,118.6171721,29.4628731,,,,,,,,,,,,,,,,,,,,,,,,,,,40,41,40,41,,,,,40,41
id_594,EPSG:4326,119.24752,30.29355747,,,,,,,,,,,,,,,,,,,,,,,,,,,40,41,30,,,,,,40,41
id_595,EPSG:4326,120.8760757,29.42017683,,,,,,,,,,,,,,,,,,,40,42,,,,,,,40,42,,,,,,,40,42
id_601,EPSG:4326,121.5382239,29.18987158,,,,,,,,,,,,,50,52,,,,,50,52,,,,,50,52,,,,,,,,,50,52
id_602,EPSG:4326,121.8893754,29.92898342,,,,,,,,,60,62,,,,,,,,,60,62,60,62,60,62,,,50,52,,,,,,,,
id_603,EPSG:4326,121.8031371,29.33166002,,,,,,,,,,,,,,,,,,,50,52,,,,,50,51,50,52,,,,,50,52,50,52
id_604,EPSG:4326,121.8241577,29.53265772,,,,,,,,,,,,,,,50,52,,,50,52,50,52,,,50,52,50,52,50,52,50,52,50,52,50,52
id_605,EPSG:4326,120.3963754,29.86816747,,,,,,,,,,,,,,,,,,,,,,,,,,,,,,,50,51,50,51,50,51
id_606,EPSG:4326,120.7359386,30.89806842,,,,,,,,,,,,,,,,,,,,,10,12,10,12,,,10,12,10,12,,,,,50,51
id_608,EPSG:4326,121.5433443,29.43881445,,,,,,,,,,,,,50,52,,,,,,,,,,,50,52,,,,,50,52,50,52,50,52
id_609,EPSG:4326,121.661383,29.30757,,,,,,,,,,,,,,,,,,,10,12,,,,,,,,,,,,,,,50,51
id_610,EPSG:4326,121.4527942,29.50460825,,,,,,,,,,,,,50,51,,,50,51,,,50,51,,,50,51,,,,,50,51,50,51,50,51
id_611,EPSG:4326,120.3527173,29.89000917,,,,,,,,,,,,,10,12,,,,,,,,,,,10,12,,,,,50,51,50,51,50,51
id_612,EPSG:4326,121.9058146,29.08529389,,,,,,,,,,,,,,,,,50,52,60,62,,,,,60,62,50,52,60,62,60,62,50,52,60,62
id_613,EPSG:4326,121.5964348,29.18419591,,,,,,,,,,,,,,,,,,,50,52,,,,,50,52,,,,,50,52,50,52,50,52
id_614,EPSG:4326,121.8039456,29.15155468,,,,,,,,,,,,,,,,,,,50,52,,,,,50,52,50,52,50,52,50,52,50,52,50,52
id_616,EPSG:4326,121.7969387,29.481267,,,,,,,50,52,,,50,52,,,50,52,,,50,52,50,52,,,,,,,,,50,52,50,52,50,52
id_617,EPSG:4326,121.7783436,29.10044301,,,,,,,,,,,,,,,,,,,50,52,,,,,50,52,,,,,,,50,52,50,52
id_618,EPSG:4326,121.5905059,29.21091607,,,,,,,,,,,,,,,,,,,,,,,,,,,,,,,,,,,50,51
id_619,EPSG:4326,120.7728593,30.85134531,,,,,,,50,51,,,,,,,,,,,,,50,51,,,,,50,52,,,50,51,,,50,51
id_620,EPSG:4326,121.6163774,29.90527201,,,,,,,,,,,,,,,50,52,,,50,52,50,52,50,52,50,52,50,52,50,52,50,52,50,52,,
id_622,EPSG:4326,121.9731882,29.55103882,,,,,,,,,,,,,,,,,,,,,,,,,,,,,,,,,60,62,50,51
id_623,EPSG:4326,120.5974183,29.84397156,,,,,,,,,,,,,,,,,,,,,60,62,,,,,50,52,50,52,50,52,50,52,50,52
id_624,EPSG:4326,121.4549501,29.50272229,,,,,,,,,,,,,50,51,,,50,51,,,50,51,,,50,51,,,,,50,51,50,51,50,51
id_625,EPSG:4326,121.4905234,29.40389557,,,,,,,,,,,,,50,51,,,,,,,50,51,,,50,51,,,,,50,51,,,,
id_627,EPSG:4326,121.7729537,29.14374761,,,,,,,,,,,,,,,,,,,60,62,,,,,,,50,52,,,,,50,52,50,52
id_628,EPSG:4326,121.9055451,29.92522754,,,,,,,,,,,,,,,,,,,,,,,50,52,50,52,50,52,,,,,50,52,50,52
id_629,EPSG:4326,121.9737272,29.55999249,,,,,,,,,,,,,,,,,,,,,50,52,60,62,,,50,52,,,,,50,52,50,52
id_630,EPSG:4326,120.9601581,30.21822378,,,,,,,,,,,,,,,50,52,,,,,60,62,,,,,60,62,60,62,50,52,,,50,52
id_631,EPSG:4326,120.890359,29.25440994,,,,,,,,,,,,,,,,,,,60,61,,,,,,,60,61,,,50,52,,,50,52
id_632,EPSG:4326,121.7772656,29.65207449,,,,,,,,,,,,,,,50,52,,,,,,,,,,,,,50,52,50,52,50,52,50,52
id_633,EPSG:4326,120.7421369,30.92060815,,,,,,,,,,,,,,,,,,,,,60,62,,,,,60,62,60,62,60,62,60,62,60,62
id_634,EPSG:4326,121.5419969,29.21895439,,,,,,,,,,,,,50,52,,,,,,,,,,,50,52,,,,,,,50,52,50,52
id_635,EPSG:4326,121.8039456,29.48386074,,,,,,,60,62,50,52,50,52,,,50,52,,,50,52,50,52,,,50,52,50,52,,,50,52,50,52,50,52
id_636,EPSG:4326,121.5675988,29.54467651,,,,,,,,,,,,,50,52,,,,,,,,,,,50,52,,,,,50,52,50,52,,
id_638,EPSG:4326,121.8179593,29.51238746,,,,,,,,,50,52,,,,,50,52,,,50,52,50,52,,,50,52,,,,,50,52,50,52,50,52
id_639,EPSG:4326,121.4403974,29.42772666,,,,,,,,,,,,,50,51,,,,,,,50,51,,,50,51,,,,,50,51,50,52,50,52
id_640,EPSG:4326,121.785081,29.10115307,,,,,,,,,,,,,,,,,,,50,52,,,,,50,52,,,,,,,50,52,50,52
id_641,EPSG:4326,121.7726842,29.10020632,,,,,,,,,,,,,,,,,,,50,52,,,,,50,52,,,,,,,50,52,50,52
id_642,EPSG:4326,121.1075716,30.30571769,,,,,,,,,,,,,50,52,,,50,52,50,52,,,,,,,,,60,61,,,,,50,51
id_643,EPSG:4326,121.959444,29.19223635,,,,,,,,,,,,,,,,,,,,,60,61,60,61,60,61,60,61,,,,,60,61,60,61
id_644,EPSG:4326,121.8163423,29.31654538,,,,,,,,,,,,,,,,,,,50,52,,,,,50,52,50,52,,,50,52,50,52,50,52
id_645,EPSG:4326,121.5357985,29.20595091,,,,,,,,,,,,,50,52,,,,,,,,,,,50,52,,,,,50,52,50,52,50,52
id_646,EPSG:4326,119.7487799,29.82540952,,,,,,,,,,,,,,,,,,,,,,,10,12,80,,80,,,,,,,,,
id_647,EPSG:4326,121.8829075,29.1737897,,,,,,,,,,,,,,,,,,,60,62,,,,,,,60,62,60,62,60,62,50,52,50,52
id_648,EPSG:4326,121.9319555,29.29197928,,,,,,,,,,,,,,,,,,,60,62,60,62,,,,,,,,,,,50,52,50,52
id_649,EPSG:4326,121.5428053,29.22202769,,,,,,,,,,,,,50,52,,,,,,,,,,,50,52,,,,,50,52,50,52,50,52
id_650,EPSG:4326,121.5026507,29.40106378,,,,,,,,,,,,,50,51,,,,,,,50,51,,,50,51,,,,,50,51,50,51,,
id_651,EPSG:4326,119.4668886,29.52605855,,,,,,,,,,,,,,,,,60,62,,,,,,,,,60,62,,,,,,,,
id_652,EPSG:4326,121.5438833,29.20997035,,,,,,,,,,,,,50,52,,,,,,,,,,,50,52,,,,,50,52,50,52,50,52
id_653,EPSG:4326,121.4921404,29.15321065,,,,,,,,,,,,,50,52,,,,,,,50,52,,,50,52,,,,,50,52,50,52,50,52
id_654,EPSG:4326,121.8926093,29.10517665,,,,,,,,,,,,,,,,,50,52,60,62,,,,,60,62,60,62,60,62,60,62,50,52,60,62
id_655,EPSG:4326,121.7713368,29.12813169,,,,,,,,,,,,,,,,,,,50,52,,,,,50,52,50,52,,,50,52,50,52,50,52
id_656,EPSG:4326,121.7678333,29.50767286,,,,,,,,,50,52,50,52,,,50,52,50,52,50,52,50,52,50,52,,,50,52,,,50,52,50,52,50,52
id_658,EPSG:4326,121.7796911,29.14658662,,,,,,,,,,,,,,,,,,,,,,,,,,,,,,,,,50,52,50,52
id_661,EPSG:4326,121.8912618,29.10991007,,,,,,,,,,,,,,,,,50,52,60,62,,,,,60,62,50,52,60,62,60,62,50,52,50,52
id_662,EPSG:4326,121.5767617,29.20169487,,,,,,,,,,,,,,,,,,,,,,,,,50,52,,,,,50,52,50,52,50,52
id_663,EPSG:4326,121.8174203,29.10967341,,,,,,,,,,,,,,,,,,,,,,,,,,,,,,,,,50,52,,
id_664,EPSG:4326,121.9416573,29.34039713,,,,,,,,,,,,,,,,,,,60,62,60,62,,,60,62,60,62,,,60,62,60,62,60,62
id_665,EPSG:4326,121.8039456,29.5008363,,,,,,,,,50,52,,,50,52,50,52,,,,,50,52,,,50,52,,,,,50,52,50,52,50,52
id_666,EPSG:4326,121.5384934,29.20264067,,,,,,,,,,,,,50,52,,,,,50,52,,,,,50,52,,,,,50,52,50,52,50,52
id_667,EPSG:4326,122.0235837,29.80143819,,,,,,,,,60,62,,,,,,,,,,,50,52,,,50,52,,,50,52,,,60,62,50,52
id_668,EPSG:4326,121.6850985,29.56046372,,,,,,,,,,,,,,,50,52,,,,,,,50,52,50,52,,,,,50,52,50,52,50,52
id_670,EPSG:4326,121.5983212,29.23786556,,,,,,,,,,,,,,,,,,,,,,,,,50,52,,,,,50,52,50,52,50,52
id_671,EPSG:4326,121.1089191,30.28420242,,,,,,,,,,,,,60,61,,,60,61,60,61,,,,,,,60,61,60,61,60,61,,,50,51
id_672,EPSG:4326,121.7796911,29.09523575,,,,,,,,,,,,,,,,,,,50,52,,,,,50,52,60,62,60,62,,,50,52,50,52
id_673,EPSG:4326,120.9547682,30.99353505,,,,,,,,,,,,,,,,,,,,,,,50,51,,,50,51,50,51,50,51,50,51,50,51
id_674,EPSG:4326,121.7937048,29.24471999,,,,,,,,,,,,,,,,,,,50,52,,,,,50,52,50,52,,,,,50,52,50,52
id_676,EPSG:4326,121.7796911,29.10209981,,,,,,,,,,,,,,,,,,,50,52,,,,,50,52,,,,,,,50,52,,
id_677,EPSG:4326,121.4905234,29.1541569,,,,,,,,,,,,,50,52,,,,,,,50,52,,,50,52,,,,,50,52,50,52,50,52
id_678,EPSG:4326,120.9544987,30.99539232,,,,,,,,,,,,,,,,,,,,,50,51,50,51,,,50,51,50,51,50,51,50,51,50,51
id_679,EPSG:4326,121.6904884,29.14043534,,,,,,,,,,,,,,,,,,,50,52,,,,,50,52,,,,,,,,,50,52
id_681,EPSG:4326,121.6034416,29.20027614,,,,,,,,,,,,,,,,,,,,,,,,,50,52,,,,,50,52,,,50,52
id_683,EPSG:4326,121.6705458,29.79438669,,,,,,,,,,,,,,,60,62,60,62,60,62,60,62,,,,,,,,,,,60,62,50,52
id_684,EPSG:4326,121.5791871,29.19791156,,,,,,,,,,,,,,,,,,,,,,,,,50,52,,,,,50,52,50,52,50,52
id_685,EPSG:4326,121.285438,30.31623972,,,,,,,,,,,,,,,,,,,,,,,,,50,51,50,51,60,61,50,51,,,50,51
id_686,EPSG:4326,121.4961828,29.39941187,,,,,,,,,,,,,50,52,,,,,,,50,52,,,50,52,,,,,50,52,50,52,50,52
id_687,EPSG:4326,121.8360155,29.53760681,,,,,,,,,,,,,,,50,52,,,,,50,52,50,52,50,52,50,52,50,52,50,52,50,52,50,52
id_688,EPSG:4326,121.7872369,29.08671421,,,,,,,,,,,,,,,,,,,50,52,,,,,,,,,,,,,50,52,50,52
id_689,EPSG:4326,121.8195763,29.31512827,,,,,,,,,,,,,,,,,,,50,52,,,,,50,52,50,52,,,50,52,50,52,50,52
id_690,EPSG:4326,121.509927,29.54137738,,,,,,,,,,,,,50,52,,,50,52,,,50,52,,,,,,,,,70,72,70,72,70,72
id_691,EPSG:4326,121.7689113,29.48315336,,,,,,,,,50,52,,,,,50,52,,,50,52,50,52,,,,,50,52,,,50,52,50,52,50,52
id_692,EPSG:4326,121.8136474,29.292688,,,,,,,,,,,,,,,,,,,40,42,,,,,40,42,40,42,,,,,,,,
id_693,EPSG:4326,121.5374155,29.19672925,,,,,,,,,,,,,50,52,,,,,50,52,,,,,50,52,,,,,50,52,50,52,50,52
id_694,EPSG:4326,121.5756837,29.5182804,,,,,,,,,,,,,,,,,,,,,,,,,50,52,,,,,50,52,50,52,,
id_695,EPSG:4326,121.9219842,29.74971557,,,,,,,,,60,62,60,62,,,,,,,,,,,,,60,62,,,,,80,,,,50,52
id_697,EPSG:4326,118.5999245,29.42442368,,,,,,,,,,,,,,,,,,,,,,,,,,,50,52,60,62,,,,,50,52
id_698,EPSG:4326,121.1124225,30.28747679,,,,,,,,,,,,,60,61,,,,,,,,,,,60,61,60,61,60,61,,,,,50,52
id_805,EPSG:4326,121.4018597,30.18264227,,,,,,,,,,,,,,,,,70,71,,,,,,,70,71,70,71,70,71,,,70,71,70,71
id_806,EPSG:4326,121.462496,29.90081081,,,,,,,,,,,,,70,72,70,72,70,72,70,72,70,72,,,,,70,72,70,72,70,72,70,72,70,72
id_809,EPSG:4326,120.4155095,30.11050309,,,,,,,,,,,,,80,,,,,,,,,,,,,,,,,,,,10,12,10,12
id_813,EPSG:4326,120.0789108,30.12362326,,,,,,,,,,,,,10,12,,,10,12,,,,,,,,,,,,,80,,,,,
id_814,EPSG:4326,121.6543761,29.89141815,,,,,,,,,,,,,,,70,71,,,70,71,70,71,,,70,71,70,71,70,71,70,71,70,71,70,71
id_815,EPSG:4326,120.4095806,30.14564246,,,,,,,,,,,,,,,,,,,70,72,70,72,70,72,,,70,72,70,72,70,72,70,72,70,72
id_817,EPSG:4326,120.0694784,30.32138341,,,,,,,,,,,,,,,,,,,80,,,,,,,,,,,,,,80,,,
id_818,EPSG:4326,120.1778153,29.62829674,,,,,,,,,,,,,,,,,,,70,71,70,71,70,71,,,70,71,,,,,70,71,70,71
id_819,EPSG:4326,121.0790052,30.81995121,,,,,,,,,,,,,,,,,,,,,70,71,70,71,,,70,71,,,70,71,70,71,70,71
id_820,EPSG:4326,120.1713474,30.39032925,70,71,,,,,,,,,70,71,70,71,70,71,70,71,70,71,70,71,70,71,,,70,71,70,71,70,71,70,71,70,71
id_822,EPSG:4326,121.087629,30.62461048,,,,,,,,,,,,,30,,,,,,,,,,,,,,70,71,70,71,70,71,70,71,70,71
id_825,EPSG:4326,119.3329497,30.18755891,,,,,,,,,,,,,,,,,,,,,40,42,,,,,40,42,70,71,,,,,70,71
id_827,EPSG:4326,121.5013032,29.92945289,,,,,,,,,,,,,70,71,70,71,70,71,70,71,70,71,70,71,70,71,70,71,70,71,70,71,70,71,70,71
id_828,EPSG:4326,120.538399,30.03338652,,,,,80,,80,,,,,,70,72,,,,,,,70,72,70,72,70,72,70,72,70,72,70,72,70,72,70,72
id_829,EPSG:4326,120.9466833,30.22852127,,,,,,,,,,,,,60,62,60,62,60,62,,,,,,,,,50,52,50,52,50,52,,,50,52
id_832,EPSG:4326,121.882638,29.14824266,,,,,,,,,,,,,,,,,80,,70,72,,,,,70,72,70,72,70,72,70,72,70,72,70,72
id_833,EPSG:4326,121.5180118,29.55056755,,,,,,,,,,,,,10,12,,,,,,,,,,,,,,,,,,,,,,
id_836,EPSG:4326,120.7887595,30.89783602,,,,,,,,,,,,,,,,,,,,,10,12,,,,,10,12,10,12,10,12,10,12,10,12
id_837,EPSG:4326,120.1303842,30.31553828,,,,,,,,,70,71,80,,80,,80,,,,,,,,,,,,,,,,,,,,,
id_841,EPSG:4326,120.761271,30.56912526,,,,,,,10,12,,,,,10,12,,,,,,,,,,,,,,,70,73,,,70,71,70,71
id_843,EPSG:4326,121.5002252,29.44070161,,,,,,,,,,,,,70,71,,,70,71,,,70,71,,,70,71,,,,,70,71,70,71,70,71
id_844,EPSG:4326,120.1977579,30.19060242,10,12,,,10,12,,,,,10,12,10,12,10,12,,,30,,30,,30,,,,30,,,,,,,,70,73
id_845,EPSG:4326,120.4246723,30.44545057,,,,,,,,,,,,,70,71,,,,,,,70,71,70,71,70,71,70,71,70,71,70,71,70,71,70,71
id_848,EPSG:4326,121.6131434,29.94165847,,,,,,,,,,,,,,,10,11,,,10,11,10,12,70,73,70,71,70,71,70,71,70,71,70,71,70,71
id_849,EPSG:4326,120.0551952,30.08706982,70,71,,,,,,,,,,,,,,,70,71,70,71,70,71,,,,,70,71,70,71,70,71,70,71,70,71
id_850,EPSG:4326,121.661922,29.85900661,,,,,,,,,,,,,,,10,12,,,10,12,10,12,,,10,12,10,12,10,12,10,12,10,12,10,12
id_852,EPSG:4326,120.8696079,30.16250487,,,,,,,,,,,,,,,50,51,,,,,,,,,,,70,72,70,72,70,72,70,72,70,72
id_853,EPSG:4326,119.9139801,30.01767449,,,,,,,,,,,,,,,,,,,,,,,,,70,71,70,71,70,71,70,71,70,71,70,71
id_854,EPSG:4326,121.4323126,29.32457531,,,,,,,,,,,,,40,41,,,,,,,40,41,,,,,,,,,80,,,,,
id_855,EPSG:4326,120.9307831,30.22126633,,,,,,,,,,,,,,,60,62,,,,,60,62,,,,,,,50,51,,,,,,
id_856,EPSG:4326,120.0886126,30.42980492,,,,,,,,,,,,,10,12,,,,,,,,,,,,,,,,,,,,,,
id_857,EPSG:4326,121.4026682,29.72948939,,,,,,,,,,,,,,,,,,,,,,,,,,,,,,,,,70,73,70,73
id_858,EPSG:4326,120.4047297,30.45642437,,,,,,,,,,,,,10,12,,,,,,,10,12,,,,,,,,,,,,,,
id_860,EPSG:4326,120.6715294,29.79462175,,,,,,,,,,,,,,,,,,,,,70,72,70,72,70,72,70,72,,,70,72,70,72,70,72
id_861,EPSG:4326,120.6502393,30.07324156,,,,,10,12,10,12,,,,,,,,,,,,,70,71,70,71,70,71,70,71,70,71,70,71,70,71,70,71
id_863,EPSG:4326,121.4366245,29.29008933,,,,,,,,,,,,,70,71,,,,,,,70,71,,,70,71,,,,,70,71,70,71,70,71
id_864,EPSG:4326,119.8633151,30.38542286,,,,,,,,,,,,,,,,,,,,,,,70,71,70,71,70,71,70,71,,,70,71,70,71
id_867,EPSG:4326,120.6071201,30.13463348,,,,,,,40,42,,,,,80,,,,,,,,70,72,70,72,,,70,72,70,72,70,72,70,72,70,72
id_868,EPSG:4326,121.4684248,29.76123794,,,,,,,,,,,,,70,71,,,70,71,,,70,71,70,71,70,71,70,71,70,71,70,71,70,71,70,71
id_871,EPSG:4326,120.5723553,30.65723384,,,,,,,,,,,,,,,,,,,,,70,72,,,,,70,72,70,72,70,72,70,72,70,72
id_872,EPSG:4326,120.2096156,30.00172538,,,,,,,,,,,70,71,,,,,70,71,70,71,70,71,70,71,70,71,70,71,70,71,70,71,70,71,70,71
id_874,EPSG:4326,121.6179943,29.25133762,,,,,,,,,,,,,,,,,,,,,,,,,40,42,,,,,40,42,,,40,42
id_875,EPSG:4326,120.8925149,29.6410103,,,,,,,,,,,,,,,,,,,70,71,70,71,,,70,71,70,71,,,70,71,,,70,71
id_876,EPSG:4326,119.4806328,29.92968763,,,,,,,,,,,,,,,,,,,,,,,,,,,80,,,,,,,,80,
id_879,EPSG:4326,121.7352245,29.94799538,,,,,,,,,,,,,,,,,70,71,70,71,70,71,70,71,70,71,70,71,70,71,70,71,70,71,70,71
id_882,EPSG:4326,120.1848221,30.01415653,,,,,,,,,,,30,,,,70,72,70,72,,,70,72,,,70,72,70,72,70,72,70,72,70,72,70,72
id_884,EPSG:4326,120.840772,30.48490371,,,,,,,,,,,,,,,,,,,70,71,70,71,,,70,71,70,71,70,71,70,71,70,71,70,71
id_885,EPSG:4326,121.3897324,30.15688439,,,,,,,,,,,,,,,,,10,12,10,12,,,,,10,12,10,12,10,12,10,12,10,12,10,12
id_886,EPSG:4326,120.6804227,29.78615931,,,,,,,,,,,,,,,,,,,70,71,70,71,70,71,70,71,70,71,,,70,71,70,71,70,71
id_887,EPSG:4326,121.4325821,29.69702482,,,,,,,,,,,,,10,12,,,10,12,,,10,12,,,,,80,,70,71,70,71,70,71,70,71
id_888,EPSG:4326,120.564001,30.10089613,,,,,,,70,72,,,,,70,72,,,,,,,70,72,70,72,,,70,72,70,72,70,72,70,72,70,72
id_890,EPSG:4326,120.317683,30.03010361,,,,,,,,,,,10,12,10,12,,,,,70,71,70,71,70,71,70,71,70,71,70,71,70,71,70,71,70,71
id_891,EPSG:4326,120.813553,30.0708976,,,,,,,70,71,,,,,,,,,,,,,,,,,,,,,,,,,,,,
id_893,EPSG:4326,121.9047366,29.75724053,,,,,,,,,,,10,12,,,,,,,,,,,,,80,,,,80,,80,,70,73,70,73
id_895,EPSG:4326,118.401307,29.44164517,,,,,,,,,,,,,,,,,,,,,70,71,,,,,70,71,70,71,,,,,70,71
id_896,EPSG:4326,120.2791452,30.05026828,,,,,,,,,,,40,41,,,40,42,40,42,,,40,42,80,,80,,80,,80,,80,,80,,80,
id_897,EPSG:4326,121.1655129,30.08988211,,,,,,,,,,,,,10,12,,,10,12,10,12,10,12,,,80,,,,70,73,,,70,73,70,73
id_899,EPSG:4326,121.1442229,30.0751167,,,,,,,,,,,,,10,12,,,10,11,10,11,10,11,,,,,,,80,,,,80,,80,
id_902,EPSG:4326,120.4783017,30.37420733,,,,,,,,,,,,,10,12,,,,,10,12,,,,,,,10,11,10,11,10,11,10,11,10,11
id_905,EPSG:4326,121.0189079,30.09667814,,,,,,,,,,,,,70,71,70,71,,,,,70,71,70,71,70,71,70,71,70,71,70,71,70,71,70,71
id_906,EPSG:4326,119.6172665,29.84585107,,,,,,,,,,,,,,,,,,,30,,70,71,70,71,,,70,71,,,,,70,71,70,71
id_908,EPSG:4326,121.8171508,29.34299451,,,,,,,,,,,,,,,,,,,70,71,,,,,70,71,70,71,,,70,71,70,71,70,71
id_911,EPSG:4326,120.8173259,30.50170725,,,,,,,,,,,,,,,,,,,,,70,71,,,,,70,71,70,71,70,71,,,,
id_912,EPSG:4326,120.1635321,29.88672148,,,,,,,,,,,,,,,,,,,10,12,80,,,,,,,,80,,,,30,,,
id_913,EPSG:4326,121.3770662,29.88906984,,,,,,,,,,,,,,,,,,,,,,,,,,,,,,,50,52,50,52,50,52
id_914,EPSG:4326,120.9927669,30.57495505,,,,,,,,,70,71,,,70,71,,,,,,,70,71,70,71,70,71,70,71,70,71,70,71,70,71,70,71
id_915,EPSG:4326,121.4075191,29.99140399,,,,,,,,,,,,,,,,,10,12,10,12,10,12,,,10,12,10,12,,,,,,,,
id_917,EPSG:4326,121.858114,29.61087182,,,,,,,,,,,,,,,,,,,,,,,,,,,,,80,,80,,80,,80,
id_919,EPSG:4326,120.9593496,30.94221338,,,,,,,,,,,,,,,,,,,,,10,11,,,,,,,,,10,11,,,,
id_920,EPSG:4326,120.9391375,29.48409653,,,,,,,,,,,,,,,,,,,10,12,10,12,,,10,12,10,12,,,,,,,70,73
id_922,EPSG:4326,121.5878109,29.83621822,,,,,,,,,,,,,,,10,12,,,10,12,10,12,,,10,12,10,12,70,73,70,73,70,73,70,71
id_924,EPSG:4326,121.1461093,30.65560294,,,,,,,,,,,,,70,71,,,,,70,71,70,71,70,71,,,70,71,70,71,70,71,70,71,70,71
id_925,EPSG:4326,121.0763102,30.76108842,,,,,,,,,,,,,,,,,,,,,70,71,70,71,,,70,71,,,70,71,70,71,70,71
id_930,EPSG:4326,120.5243853,29.99374986,,,,,70,71,70,71,,,,,70,71,,,,,70,71,70,71,70,71,70,71,70,71,70,71,70,71,70,71,70,71
id_933,EPSG:4326,120.8334956,29.57318592,,,,,,,,,,,,,,,,,,,70,71,,,,,,,,,,,,,70,71,80,
id_934,EPSG:4326,121.6697373,29.48032381,,,,,,,70,71,70,71,70,71,,,,,70,71,70,71,,,,,70,71,,,,,70,71,70,71,70,71
id_939,EPSG:4326,120.5583416,30.82297479,,,,,,,,,,,,,,,,,,,,,70,71,,,,,70,71,70,71,70,71,70,71,70,71
id_940,EPSG:4326,120.5322007,30.07980437,,,,,,,10,12,,,,,10,12,,,,,,,,,10,12,,,70,71,70,71,70,71,70,71,70,71
id_941,EPSG:4326,121.1905759,30.66049557,,,,,,,,,,,,,,,,,,,70,71,70,71,70,71,,,70,71,70,71,70,71,70,71,70,71
id_942,EPSG:4326,120.3378951,30.1814716,,,,,,,,,,,,,10,12,,,,,,,,,,,,,,,,,,,70,71,70,71
id_944,EPSG:4326,120.9030252,30.51384131,,,,,,,,,,,,,,,,,,,,,70,71,,,70,71,70,71,70,71,70,71,70,71,,
id_945,EPSG:4326,120.2322532,29.67514055,,,,,,,,,,,10,12,,,10,12,,,,,10,12,10,12,,,10,12,10,12,,,10,12,10,12
id_949,EPSG:4326,120.9178474,30.64069052,,,,,,,,,,,,,,,,,,,,,70,72,,,70,72,70,72,70,72,70,72,70,72,70,72
id_952,EPSG:4326,121.3142739,30.18779303,,,,,,,,,,,,,,,,,70,71,,,,,,,70,71,70,71,70,71,70,71,70,71,70,71
id_953,EPSG:4326,120.5990353,30.79157132,,,,,,,,,,,,,,,,,,,,,70,72,,,70,72,,,70,72,70,72,70,72,70,72
id_957,EPSG:4326,120.8803877,30.5385714,,,,,,,,,,,,,,,,,,,80,,80,,,,30,,30,,70,71,70,71,70,71,70,71
id_961,EPSG:4326,120.8235243,31.00096393,,,,,,,,,,,,,,,,,,,,,10,12,,,10,12,10,12,10,12,10,12,10,12,70,73
id_965,EPSG:4326,119.8530743,30.27040208,,,,,,,,,,,,,,,,,,,,,,,,,40,41,,,30,,,,30,,,
id_966,EPSG:4326,119.8889171,30.24162558,,,,,,,,,,,,,,,,,,,,,,,70,71,70,71,70,71,70,71,,,70,71,70,71
id_967,EPSG:4326,121.3619745,29.81436463,,,,,,,,,,,,,,,,,,,,,,,,,40,41,80,,,,80,,80,,80,
id_970,EPSG:4326,120.4276368,30.21330869,,,,,,,10,12,,,,,10,12,,,,,10,12,10,12,10,12,,,10,12,80,,,,30,,,
id_975,EPSG:4326,121.0447794,30.64907904,,,,,,,,,,,,,70,71,,,,,,,70,71,70,71,,,70,71,70,71,,,70,71,70,71
id_976,EPSG:4326,121.2506732,30.70242213,,,,,,,,,,,,,,,,,,,,,70,73,70,73,,,70,73,70,73,70,73,70,73,70,73
id_978,EPSG:4326,120.4564727,30.12526316,,,,,,,,,,,,,10,12,,,,,,,10,12,10,12,,,10,12,10,12,,,,,,
id_980,EPSG:4326,121.6409014,29.99633025,,,,,,,,,,,,,,,10,12,,,80,,80,,,,70,72,70,72,70,72,70,72,70,72,70,72
id_982,EPSG:4326,120.9563851,30.88900454,,,,,,,,,,,,,,,,,,,,,,,,,,,80,,70,73,,,70,73,70,73
id_986,EPSG:4326,119.246442,29.44235284,,,,,,,,,,,,,80,,,,,,,,40,42,40,42,,,,,,,,,80,,80,
id_1005,EPSG:4326,121.2504037,30.16414412,,,,,,,,,,,,,,,,,70,71,,,70,71,,,,,,,70,71,70,71,70,71,70,71
id_1012,EPSG:4326,120.7275842,29.61722992,,,,,,,,,,,,,,,,,,,70,71,,,,,70,71,70,71,70,71,70,71,70,71,70,71
id_1027,EPSG:4326,120.1462844,30.29262201,70,71,,,,,,,70,71,,,70,71,70,71,70,71,70,71,70,71,70,71,,,70,71,70,71,70,71,70,71,70,71
id_1029,EPSG:4326,120.7583066,30.76830281,,,,,,,70,73,,,,,70,73,,,,,,,,,70,73,,,,,70,73,70,73,70,73,70,73
id_1030,EPSG:4326,121.512083,29.92780972,,,,,,,,,,,,,70,72,70,72,70,72,70,72,70,72,70,72,70,72,80,,,,,,80,,70,73
id_1037,EPSG:4326,120.9973483,30.69636721,,,,,,,,,,,,,,,,,,,,,70,71,70,71,70,71,70,71,70,71,70,71,70,71,70,71
id_1038,EPSG:4326,121.2746582,30.22618102,,,,,,,,,,,,,,,,,70,71,,,,,,,70,71,70,71,70,71,70,71,70,71,70,71
id_1054,EPSG:4326,119.9385041,29.91841963,,,,,,,,,,,,,,,,,,,,,,,,,,,80,,80,,80,,80,,80,
id_1092,EPSG:4326,121.7705283,29.97193115,,,,,,,,,,,,,,,,,,,70,72,70,72,70,72,,,70,72,70,72,70,72,70,72,70,72
id_1080,EPSG:4326,120.3990703,30.34709776,,,,,,,,,,,,,,,,,,,10,12,10,12,10,12,10,12,10,12,80,,70,72,70,72,70,72
id_1069,EPSG:4326,120.2559687,30.19809373,,,,,70,72,,,,,70,72,,,70,72,70,72,70,72,70,72,70,72,,,70,72,70,72,70,72,70,72,70,72
id_1065,EPSG:4326,120.317683,30.17046667,,,,,,,,,,,30,,70,72,,,,,70,72,70,72,70,72,70,72,70,72,70,72,70,72,70,72,70,72
id_1064,EPSG:4326,122.1324595,29.88249429,,,,,,,,,,,,,,,,,,,,,,,80,,80,,,,80,,80,,80,,80,
id_1057,EPSG:4326,120.2756418,30.03174508,,,,,,,,,,,10,12,,,10,12,80,,80,,80,,70,73,70,72,70,72,70,72,70,72,70,72,70,72
id_1053,EPSG:4326,120.4165875,30.1592263,,,,,,,70,73,,,,,70,72,,,,,70,72,70,72,70,72,,,70,72,70,72,70,72,70,72,70,72
id_1052,EPSG:4326,119.0451295,29.34323063,,,,,,,,,,,,,,,,,80,,,,80,,,,,,80,,,,,,80,,80,
id_1046,EPSG:4326,120.2416855,29.70361269,,,,,,,,,,,70,72,,,70,72,,,,,70,72,70,72,,,70,72,70,72,,,70,72,70,72
id_1036,EPSG:4326,121.8513766,29.24731982,,,,,,,,,,,,,,,,,,,80,,,,,,,,,,80,,80,,80,,80,
id_1034,EPSG:4326,120.8216378,29.59933202,,,,,,,,,,,,,,,,,,,70,71,70,71,,,70,71,70,71,,,70,71,70,71,70,71
id_1031,EPSG:4326,120.5322007,30.5978044,,,,,,,,,,,,,,,,,,,,,70,73,,,,,70,73,70,73,70,73,70,73,70,73
id_1023,EPSG:4326,120.8507433,30.0354969,,,,,,,10,12,,,,,,,,,,,,,,,,,,,,,80,,70,73,70,73,70,73
id_1022,EPSG:4326,121.4786656,29.37156122,,,,,,,,,,,,,30,,,,,,,,30,,,,,,,,,,70,73,70,73,70,73
id_1020,EPSG:4326,121.4398584,29.66125448,,,,,,,,,,,,,70,72,,,70,72,,,70,72,,,70,72,70,72,70,72,70,72,70,72,70,72
id_1010,EPSG:4326,120.9197339,29.58143092,,,,,,,,,,,,,,,,,,,70,71,70,71,,,70,71,70,71,,,70,71,,,70,71
id_1004,EPSG:4326,121.3091535,29.12978803,,,,,,,,,,,,,,,,,,,,,,,,,70,71,,,,,70,71,70,71,70,71
id_1002,EPSG:4326,120.4858476,30.41532459,,,,,,,,,,,,,80,,,,,,,,70,73,,,,,70,73,70,73,,,70,73,70,73
id_1001,EPSG:4326,120.3047472,30.23717967,,,,,,,,,,,,,,,70,72,70,72,70,72,70,72,70,72,,,70,72,70,72,70,72,70,72,70,72
id_1000,EPSG:4326,121.0582541,30.60106815,,,,,,,,,10,12,,,30,,,,,,,,,,,,,,,,,,,,,,70,73
id_995,EPSG:4326,121.4301566,29.42395181,,,,,,,,,,,,,70,71,,,,,,,70,71,,,70,71,,,,,70,71,70,71,70,71
id_991,EPSG:4326,119.893229,29.92006296,,,,,,,,,,,,,,,,,,,,,,,,,,,80,,80,,80,,80,,80,
id_990,EPSG:4326,121.4290786,29.82376462,,,,,,,,,,,,,,,70,72,70,72,70,72,70,72,,,,,70,72,,,70,72,70,72,70,72
id_403,EPSG:4326,121.5902364,29.69043651,,,,,,,,,,,,,,,,,,,,,,,,,30,,30,,30,,30,,30,,30,
id_410,EPSG:4326,120.1559862,30.2919204,70,71,,,,,,,70,71,70,71,70,73,80,,30,,,,30,,30,,,,,,,,,,,,,
id_411,EPSG:4326,118.9567353,30.17163746,,,,,,,,,,,,,,,,,,,,,30,,,,,,30,,40,42,40,42,,,,
id_412,EPSG:4326,120.6383815,29.42937811,,,,,,,,,,,,,,,,,,,20,,,,,,20,,20,,,,30,,,,30,
id_415,EPSG:4326,119.2399741,29.8928271,,,,,,,,,,,,,,,,,,,,,30,,,,,,40,41,,,,,40,41,30,
id_420,EPSG:4326,120.7504913,30.33541027,,,,,,,,,,,,,,,,,,,,,,,,,,,,,,,80,,80,,30,
id_422,EPSG:4326,119.6870656,30.1109717,,,,,,,,,,,,,,,,,,,,,,,,,40,41,,,,,,,30,,30,
id_424,EPSG:4326,121.3290961,29.57106566,,,,,,,,,,,,,,,,,,,,,,,,,30,,30,,,,40,42,,,30,
id_439,EPSG:4326,119.4919516,30.22969137,,,,,,,,,,,,,,,,,,,,,,,,,,,,,30,,,,,,30,
id_440,EPSG:4326,121.0792747,29.56423343,,,,,,,,,,,30,,,,,,,,,,30,,,,30,,,,,,,,,,30,
id_447,EPSG:4326,118.5209626,29.49282042,,,,,,,,,,,,,,,,,,,,,,,,,,,30,,30,,,,,,30,
id_456,EPSG:4326,118.746799,29.32551997,,,,,,,,,,,,,,,,,,,,,,,,,,,30,,30,,30,,30,,30,
id_470,EPSG:4326,118.9874577,29.88296399,,,,,,,,,,,,,,,,,,,,,,,,,,,,,,,,,,,30,
id_477,EPSG:4326,120.1112501,29.81882973,30,,,,,,,,,,,,,,,,,,,,,,,,,,,,,,,,,,,
id_486,EPSG:4326,119.2364707,30.28326687,,,,,,,,,,,,,,,,,,,,,80,,,,,,70,71,70,71,,,,,70,71
id_488,EPSG:4326,121.7144734,29.34653627,,,,,,,,,,,,,,,,,,,20,,,,,,20,,20,,,,30,,,,30,
id_489,EPSG:4326,119.692186,30.3664959,,,,,,,,,,,,,,,,,30,,,,,,,,,,,,,,,,30,,,
id_491,EPSG:4326,121.33772,29.15604939,,,,,,,,,,,,,,,,,,,,,30,,,,30,,,,,,30,,,,30,
id_492,EPSG:4326,121.3794916,29.50107205,,,,,,,,,,,,,,,,,30,,,,30,,,,30,,30,,,,30,,30,,30,
id_493,EPSG:4326,120.2406075,30.28841231,,,,,10,12,,,10,12,10,12,10,12,10,12,10,12,10,12,10,12,10,12,,,10,12,10,12,,,10,12,,
id_494,EPSG:4326,120.5198039,29.66596184,,,,,,,,,,,,,,,,,,,30,,,,,,,,,,30,,30,,,,,
id_497,EPSG:4326,121.5304086,30.14657934,,,,,,,,,,,,,,,,,,,,,80,,,,,,,,,,,,,,,
id_500,EPSG:4326,120.8324176,29.846086,,,,,,,,,,,,,,,,,,,60,61,,,60,61,,,60,61,60,61,,,60,61,60,61
id_502,EPSG:4326,121.2964873,29.56352662,,,,,,,,,,,,,,,,,,,,,,,,,40,42,40,42,,,40,42,,,40,42
id_504,EPSG:4326,120.7181519,29.67584657,,,,,,,,,,,,,,,,,,,,,,,,,,,40,42,,,40,42,40,42,40,42
id_506,EPSG:4326,120.6831176,29.37982281,,,,,,,,,,,,,,,,,,,,,,,,,40,42,40,42,,,40,42,,,40,42
id_597,EPSG:4326,121.2080931,29.72831332,,,,,,,,,,,,,,,,,,,,,,,,,,,,,,,,,40,42,40,42
id_593,EPSG:4326,120.7472573,29.72125663,,,,,,,,,,,,,,,,,,,40,41,,,,,,,40,41,,,40,41,40,41,40,41
id_591,EPSG:4326,119.5798068,29.52488008,,,,,,,,,,,,,,,,,40,41,,,,,,,,,40,41,,,,,,,40,41
id_589,EPSG:4326,121.6002077,29.61369769,,,,,,,,,,,,,,,,,,,,,,,,,40,42,,,,,40,42,40,42,40,42
id_588,EPSG:4326,119.8493014,30.13814712,,,,,,,,,,,,,,,,,,,,,,,,,,,,,40,42,,,40,42,40,42
id_587,EPSG:4326,119.046477,29.72690202,,,,,,,,,,,,,,,,,,,,,40,42,,,,,40,42,40,42,,,40,42,40,42
id_575,EPSG:4326,119.1507714,30.03831066,,,,,,,,,,,,,,,,,,,,,,,,,,,,,30,,,,,,30,
id_574,EPSG:4326,120.7957664,29.3496057,,,,,,,,,,,,,,,,,,,40,42,,,,,,,,,,,40,42,40,42,40,42
id_572,EPSG:4326,121.3005297,29.40601936,,,,,,,,,,,,,,,,,,,,,,,,,,,20,,,,,,,,,
id_567,EPSG:4326,120.439764,29.54373392,,,,,,,,,,,,,,,,,,,10,12,,,,,,,10,12,10,12,,,10,12,10,12
id_566,EPSG:4326,118.5966905,29.42961403,,,,,,,,,,,,,,,,,,,,,,,,,,,40,41,40,41,,,,,40,41
id_548,EPSG:4326,121.0962528,29.75347812,,,,,,,,,,,,,,,,,,,,,,,,,40,41,,,,,,,,,,
id_544,EPSG:4326,119.2839017,30.31857779,,,,,,,,,,,,,,,,,,,,,40,41,,,,,40,41,40,41,,,,,40,41
id_541,EPSG:4326,121.0137875,29.41404217,,,,,,,,,,,,,,,,,,,40,41,40,41,,,40,41,40,41,,,40,41,,,40,41
id_535,EPSG:4326,119.7318017,30.05308162,,,,,,,,,,,,,,,,,,,,,,,,,30,,40,41,40,41,,,40,41,40,41
id_526,EPSG:4326,121.8632344,29.2225005,,,,,,,,,,,,,,,,,40,41,,,,,,,,,,,,,40,41,40,41,40,41
id_525,EPSG:4326,121.6665034,29.73795666,,,,,,,,,,,,,,,40,41,40,41,40,41,,,,,,,,,40,41,40,41,,,40,41
id_521,EPSG:4326,118.7966555,29.55905004,,,,,,,,,,,,,,,,,,,,,40,42,,,,,,,40,42,,,,,40,42
id_518,EPSG:4326,121.6214978,29.43338866,,,,,,,,,,,,,,,,,,,40,42,,,,,40,42,,,,,40,42,40,42,40,42
id_516,EPSG:4326,121.1679384,29.81506966,,,,,,,,,,,,,,,,,40,42,,,,,,,40,42,,,40,42,,,40,42,,
id_513,EPSG:4326,120.5569942,29.71302318,,,,,,,,,,,,,,,,,,,20,,,,,,20,,20,,,,,,,,,
id_785,EPSG:4326,120.2317142,29.77558025,,,,,,,,,,,,,,,60,62,,,50,52,50,52,50,52,,,50,52,50,52,,,50,52,50,52
id_779,EPSG:4326,121.7724147,29.36660394,,,,,,,,,,,,,,,,,,,,,,,,,50,52,50,52,,,50,52,50,52,50,52
id_769,EPSG:4326,120.9809091,30.2589393,,,,,,,,,,,,,60,62,,,,,,,60,62,,,60,62,60,62,60,62,60,62,60,62,60,62
id_704,EPSG:4326,119.3383396,29.51663042,,,,,,,,,,,,,,,,,,,,,60,62,60,62,,,60,62,,,,,60,62,60,62
id_703,EPSG:4326,121.8885669,29.05262093,,,,,,,,,,,,,,,,,,,60,62,,,,,60,62,,,60,62,60,62,60,62,60,62
id_607,EPSG:4326,119.6811368,29.79955784,,,,,,,,,70,73,,,,,,,,,,,70,73,70,73,,,70,73,,,,,70,73,70,73
id_804,EPSG:4326,121.2460918,30.71476367,,,,,,,,,,,,,,,,,,,70,73,70,73,70,73,,,70,73,70,73,70,73,,,70,73
id_807,EPSG:4326,121.8651209,29.90480242,,,,,,,,,,,,,,,,,,,70,72,70,72,,,,,70,72,70,72,70,72,70,72,70,72
id_808,EPSG:4326,120.3575682,30.321851,,,,,,,,,,,,,70,73,,,,,70,73,70,73,70,73,70,73,70,73,70,73,70,73,70,73,70,73
id_810,EPSG:4326,121.9144384,29.89869754,,,,,,,,,80,,,,,,,,80,,80,,80,,80,,80,,80,,80,,,,70,72,70,72
id_812,EPSG:4326,119.569566,29.79861765,,,,,,,,,,,,,,,,,,,,,,,70,71,70,71,70,71,,,,,,,70,71
id_821,EPSG:4326,120.0956194,30.34148794,,,,,,,,,80,,70,72,70,72,70,72,,,,,,,,,,,,,,,,,,,,
id_830,EPSG:4326,120.5491788,30.41789384,,,,,,,,,,,,,,,,,,,,,70,72,,,,,,,70,72,70,72,70,72,70,72
id_840,EPSG:4326,121.4999557,29.74383629,,,,,,,,,,,,,70,73,,,70,73,,,70,73,,,70,73,70,73,70,73,70,73,70,73,70,73
id_846,EPSG:4326,121.3544286,29.98999645,,,,,,,,,,,,,,,,,,,,,,,,,,,,,,,,,70,71,70,71
id_877,EPSG:4326,120.8254108,29.57059449,,,,,,,,,,,,,,,,,,,70,72,70,72,,,70,72,70,72,,,70,72,70,72,70,72
id_878,EPSG:4326,119.3989759,29.51663042,,,,,,,,,,,,,,,,,10,12,,,10,12,,,,,,,,,,,,,80,
id_883,EPSG:4326,120.7871425,30.69543564,,,,,,,10,12,,,,,10,12,,,,,,,10,12,10,12,,,80,,80,,,,,,,
id_892,EPSG:4326,120.2303667,30.20535039,,,,,,,,,70,73,70,73,,,70,73,70,73,70,73,,,70,73,,,70,73,70,73,,,70,73,70,73
id_894,EPSG:4326,121.6753967,29.85642262,,,,,,,,,,,,,,,70,72,,,70,72,70,72,,,70,72,70,72,70,72,70,72,70,72,70,72
id_901,EPSG:4326,119.7603682,29.82775934,,,,,,,,,,,,,,,,,,,,,,,,,,,80,,,,70,72,70,72,70,72
id_904,EPSG:4326,121.9074315,29.8949405,,,,,,,,,10,12,,,,,,,,,70,72,70,72,70,72,70,72,70,72,70,72,70,72,70,72,70,72
id_909,EPSG:4326,121.4156039,29.88132004,,,,,,,,,,,,,80,,,,70,73,70,73,70,73,,,,,70,73,,,70,73,70,73,70,73
id_916,EPSG:4326,120.6672174,30.47743453,,,,,,,,,,,,,70,71,,,,,,,70,73,,,70,73,,,70,73,,,70,73,70,73
id_921,EPSG:4326,121.6495252,29.87333476,,,,,,,,,,,,,,,70,72,,,70,72,70,72,,,70,72,70,72,70,72,70,72,70,72,70,72
id_923,EPSG:4326,121.4075191,29.70808279,,,,,,,,,,,,,10,12,,,10,12,,,80,,,,,,70,73,,,70,72,70,72,70,72
id_929,EPSG:4326,120.1069382,30.41836097,,,,,,,,,,,,,10,12,10,12,,,10,12,10,12,,,,,10,12,,,,,,,,
id_931,EPSG:4326,121.0167519,30.69264091,,,,,,,,,,,,,,,,,,,,,70,73,70,73,70,73,70,73,70,73,,,70,73,70,73
id_935,EPSG:4326,120.6055032,30.11003448,,,,,,,70,71,,,,,70,71,,,,,,,70,71,70,71,,,70,71,70,71,70,71,70,71,70,71
id_936,EPSG:4326,120.865296,29.48315336,,,,,,,,,,,,,,,,,,,10,12,,,,,80,,70,71,,,70,71,,,70,71
id_937,EPSG:4326,120.5556467,30.45945945,,,,,,,,,,,,,,,,,,,,,70,72,,,,,,,70,72,70,72,70,72,70,72
id_938,EPSG:4326,120.342746,29.95034228,,,,,,,,,,,,,,,,,,,,,70,73,70,73,70,73,70,73,70,73,70,73,70,73,70,73
id_948,EPSG:4326,121.9219842,29.37462989,,,,,,,,,,,,,,,,,,,,,80,,,,70,72,70,72,,,70,72,70,72,70,72
id_950,EPSG:4326,121.2525597,30.18334466,,,,,,,,,,,,,,,,,70,71,,,70,71,,,70,71,,,70,71,70,71,70,71,70,71
id_951,EPSG:4326,120.7954969,30.67493901,,,,,,,70,72,,,,,70,72,,,,,,,70,72,,,70,72,70,72,70,72,70,72,70,72,70,72
id_955,EPSG:4326,121.4792046,29.3854875,,,,,,,,,,,,,70,73,,,,,,,70,73,,,70,73,,,,,70,73,70,73,70,73
id_958,EPSG:4326,120.4858476,30.57635415,,,,,,,,,,,,,,,,,,,,,,,,,,,,,70,72,70,72,70,72,70,72
id_959,EPSG:4326,121.4444398,29.33496604,,,,,,,,,,,,,70,71,,,,,,,70,71,,,70,71,,,,,70,71,70,71,70,71
id_960,EPSG:4326,120.5642705,30.48630412,,,,,,,,,,,,,,,,,,,,,60,62,,,,,,,60,62,,,60,62,60,62
id_962,EPSG:4326,121.4757012,29.73819185,,,,,,,,,,,,,,,,,,,,,70,72,,,70,72,70,72,70,72,70,72,70,72,70,72
id_963,EPSG:4326,121.3064586,30.30150855,,,,,,,,,,,,,,,,,70,72,,,,,,,70,72,70,72,70,72,70,72,70,72,70,72
id_964,EPSG:4326,121.4339295,29.86887212,,,,,,,,,,,,,70,73,70,73,70,73,70,73,70,73,,,,,70,73,,,70,73,70,73,70,73
id_968,EPSG:4326,120.890359,30.05167496,,,,,,,,,,,,,,,,,,,,,70,73,,,70,73,,,70,73,70,73,70,73,,
id_984,EPSG:4326,121.3679034,29.80425865,,,,,,,,,,,,,,,,,70,71,70,71,70,71,,,,,70,71,,,70,71,70,71,70,71
id_989,EPSG:4326,121.6910274,29.98225458,,,,,,,,,,,,,,,70,72,,,70,72,70,72,70,72,70,72,70,72,70,72,70,72,70,72,70,72
id_997,EPSG:4326,120.3785887,30.46996478,,,,,,,,,,,,,,,,,,,,,70,71,70,71,,,,,,,,,70,71,70,71
id_977,EPSG:4326,120.439225,30.27671774,,,,,,,70,71,,,,,70,71,,,,,,,70,71,70,71,70,71,70,71,70,71,70,71,70,71,70,71
id_99,EPSG:4326,121.1156564,30.64884604,,,,,,,,,,,,,,,,,,,,,70,71,70,71,,,70,71,70,71,70,71,,,70,71
id_7,EPSG:4326,120.2133886,30.22618102,80,,,,80,,,,80,,80,,,,80,,,,,,,,,,,,20,,20,,,,20,,20,
id_133,EPSG:4326,120.7981918,30.57029125,,,,,,,,,,,,,60,62,,,,,,,,,,,,,60,62,,,,,60,62,60,62
id_139,EPSG:4326,120.8685299,29.37297754,,,,,,,,,,,,,,,,,,,20,,,,,,,,20,,,,20,,,,20,
id_187,EPSG:4326,121.0337301,30.74456307,,,,,,,,,,,,,,,,,,,,,70,71,,,,,70,71,,,70,71,70,71,70,71
id_414,EPSG:4326,121.2064761,29.2787489,,,,,,,,,,,,,,,,,,,,,,,,,,,,,,,30,,30,,30,
id_416,EPSG:4326,120.541633,29.71278793,,,,,,,,,,,,,,,,,,,30,,,,,,30,,,,,,,,,,40,41
id_426,EPSG:4326,121.8543411,29.88366853,,,,,,,,,,,,,,,,,30,,,,30,,,,,,,,,,,,,,,
id_430,EPSG:4326,120.4677914,29.56093494,,,,,,,,,,,,,,,,,,,30,,,,,,,,,,30,,,,30,,30,
id_444,EPSG:4326,121.7662164,29.46051466,,,,,,,,,,,,,,,,,,,,,,,,,,,,,,,40,42,40,42,40,42
id_446,EPSG:4326,120.6143965,29.67678792,,,,,,,,,,,,,,,,,,,30,,,,,,,,30,,,,30,,,,30,
id_459,EPSG:4326,121.8926093,29.11156672,,,,,,,,,,,,,,,,,,,30,,,,,,,,,,,,,,,,,
id_460,EPSG:4326,121.3511947,29.8108394,,,,,,,,,,,,,,,,,30,,30,,30,,,,30,,30,,,,,,,,,
id_481,EPSG:4326,119.6037918,29.50342953,,,,,,,,,,,,,,,,,,,,,,,,,,,30,,,,,,,,30,
id_483,EPSG:4326,121.0412759,29.61605252,,,,,,,,,,,,,,,,,,,,,,,,,30,,30,,30,,,,,,,
id_495,EPSG:4326,119.6385566,30.11823483,,,,,,,,,,,,,,,,,,,,,,,,,,,,,,,,,,,30,
id_498,EPSG:4326,121.411292,30.29940392,,,,,,,,,,,,,,,,,60,61,,,,,,,,,,,,,,,,,,
id_501,EPSG:4326,121.0345386,29.54821118,,,,,,,,,,,30,,,,,,,,,,40,42,,,40,42,,,40,42,40,42,,,40,42
id_522,EPSG:4326,120.5540297,29.7325471,,,,,,,,,,,,,,,,,,,,,,,,,40,41,40,41,,,40,41,40,41,40,41
id_523,EPSG:4326,120.4979748,29.86088583,,,,,,,,,,,,,,,,,,,40,41,,,40,41,40,41,,,40,41,40,41,40,41,40,41
id_768,EPSG:4326,121.4474043,29.44211696,,,,,,,,,,,,,50,51,,,50,51,,,50,51,,,50,51,,,,,50,51,50,51,,
id_791,EPSG:4326,120.7426759,30.15196621,,,,,,,60,61,,,,,,,,,,,,,60,61,,,,,,,60,61,60,61,60,61,,
id_839,EPSG:4326,121.1404499,30.29940392,,,,,,,,,,,,,60,61,,,,,60,61,,,,,,,,,60,61,,,,,60,61
id_881,EPSG:4326,120.9655479,30.67237662,,,,,,,,,,,,,,,,,,,,,10,12,,,10,12,,,,,,,,,70,73
id_675,EPSG:4326,121.9254877,29.3916239,,,,,,,,,,,,,,,,,,,,,,,,,,,50,51,,,,,,,60,61
id_973,EPSG:4326,120.9353646,30.51757456,,,,,,,,,,,,,,,,,,,,,70,73,,,70,73,,,70,73,70,73,,,70,73
id_983,EPSG:4326,121.0566371,30.03924857,,,,,,,,,,,,,,,,,,,,,70,73,,,,,,,70,73,70,73,70,73,70,73
id_987,EPSG:4326,120.4394945,30.20511631,,,,,,,70,73,,,,,70,73,,,,,70,73,70,73,70,73,,,70,73,70,73,,,70,73,70,73
id_992,EPSG:4326,120.2729469,30.11261181,,,,,,,,,,,,,,,,,,,70,72,,,,,,,,,,,70,73,70,73,70,73
id_1007,EPSG:4326,120.3594546,30.57682051,,,,,,,,,,,,,70,71,,,,,,,70,71,,,,,,,70,71,,,70,71,70,71
id_1042,EPSG:4326,121.1585061,30.06128675,,,,,,,,,,,,,,,,,70,73,,,70,73,,,70,73,,,70,73,,,70,73,70,73
id_1070,EPSG:4326,121.1927319,30.33821539,,,,,,,,,,,,,,,,,,,,,,,,,,,,,,,,,70,72,70,72
id_621,EPSG:4326,121.9669898,29.18348643,,,,,,,,,,,,,,,,,,,,,60,62,60,62,60,62,,,60,62,60,62,,,,
id_596,EPSG:4326,121.6320081,29.60192271,,,,,,,,,,,,,,,,,,,40,42,,,,,40,42,,,40,42,40,42,40,42,,
id_598,EPSG:4326,120.6346086,29.43102953,,,,,,,,,,,,,,,,,,,40,42,,,,,,,40,42,,,,,,,40,42
id_599,EPSG:4326,120.4341046,29.54514781,,,,,,,,,,,,,,,,,,,40,42,,,,,,,,,40,42,,,40,42,40,42
id_399,EPSG:4326,120.5847521,29.56847418,,,,,,,,,,,,,,,,,,,,,,,,,,,30,,,,,,,,30,
id_372,EPSG:4326,119.6334362,30.16625168,,,,,,,70,71,,,,,,,,,,,70,71,,,,,70,71,70,71,70,71,,,70,71,,
id_382,EPSG:4326,119.8592727,29.83762796,,,,,,,,,,,,,,,,,,,,,,,70,71,70,71,70,71,70,71,70,71,70,71,70,71
id_391,EPSG:4326,121.0202553,29.48338916,,,,,,,,,,,,,,,,,,,,,,,,,,,80,,,,,,,,,
